{
  "data_root": "data/libero_long",
  "hdf5_glob": "**/*.hdf5",
  "split_file": "splits/libero_long_train.txt",
  "demo_count": 400,
  "action_count": 110372,
  "actions": {
    "mean": [
      0.01916608476010996,
      0.05636064044452265,
      -0.05509331106232945,
      0.004655017318056859,
      0.0023695191844722535,
      -0.009864406604159444,
      -0.10109448048418077
    ],
    "std": [
      0.2809863991961566,
      0.3535665642221692,
      0.3589997113439209,
      0.03905143493451337,
      0.05500574031977492,
      0.08661304718685629,
      0.9948768295701904
    ],
    "min": [
      -0.9375,
      -0.9375,
      -0.9375,
      -0.2364285714285714,
      -0.3053571428571428,
      -0.3675,
      -1.0
    ],
    "max": [
      0.9375,
      0.9375,
      0.9375,
      0.3289285714285714,
      0.36964285714285716,
      0.375,
      1.0
    ],
    "normalize_dims": [
      0,
      1,
      2,
      3,
      4,
      5
    ],
    "gripper_positive": 49607,
    "gripper_negative": 60765,
    "gripper_zero": 0
  }
}
