{
  "trace_path": "results/rollout_trace_act_chunked_h20_task5_train3.csv",
  "h5_path": "data/libero_long/libero_10/STUDY_SCENE1_pick_up_the_book_and_place_it_in_the_back_compartment_of_the_caddy_demo.hdf5",
  "task_id": 5,
  "task_name": "STUDY_SCENE1_pick_up_the_book_and_place_it_in_the_back_compartment_of_the_caddy",
  "episode_idx": 0,
  "rollout_steps": 300,
  "expert_steps": 234,
  "rollout_success": false,
  "rollout_first_close_step": 0,
  "expert_first_close_step": 0,
  "rollout_first_positive_gripper_step": 68,
  "expert_first_positive_gripper_step": 57,
  "rollout_gripper_close_fraction": 0.22666666666666666,
  "expert_gripper_close_fraction": 0.24358974358974358,
  "rollout_gripper_transitions": [
    68
  ],
  "expert_gripper_transitions": [
    57
  ],
  "rollout_action_window_around_first_close": [
    [
      0.0006900000153109431,
      0.048420000821352005,
      -0.08922000229358673,
      0.008510000072419643,
      -0.005280000157654285,
      -0.010329999960958958,
      -1.0
    ],
    [
      0.013380000367760658,
      0.07387000322341919,
      -0.10465999692678452,
      0.009519999846816063,
      -0.00798999983817339,
      -0.013910000212490559,
      -1.0
    ],
    [
      0.033070001751184464,
      0.08851999789476395,
      -0.10352999716997147,
      0.009750000201165676,
      -0.007180000189691782,
      -0.01844000071287155,
      -1.0
    ],
    [
      0.05575999990105629,
      0.10751000046730042,
      -0.09453000128269196,
      0.009229999966919422,
      -0.0059899999760091305,
      -0.02271999977529049,
      -1.0
    ],
    [
      0.07461000233888626,
      0.12483999878168106,
      -0.08658000081777573,
      0.008630000054836273,
      -0.005270000081509352,
      -0.025790000334382057,
      -1.0
    ],
    [
      0.09419000148773193,
      0.1434600055217743,
      -0.07806000113487244,
      0.008009999990463257,
      -0.004670000169426203,
      -0.028780000284314156,
      -1.0
    ]
  ],
  "expert_action_window_around_first_close": [
    [
      0.0,
      0.0,
      -0.0,
      0.0,
      0.03142999857664108,
      -0.0035699999425560236,
      -1.0
    ],
    [
      0.0,
      0.0,
      -0.0,
      0.0,
      0.033569999039173126,
      -0.002859999891370535,
      -1.0
    ],
    [
      0.0,
      0.0,
      -0.0,
      0.0,
      0.033569999039173126,
      -0.002139999996870756,
      -1.0
    ],
    [
      0.0,
      0.0,
      -0.0,
      0.0,
      0.033569999039173126,
      -0.0014299999456852674,
      -1.0
    ],
    [
      0.0,
      0.0,
      -0.0,
      0.0,
      0.03570999950170517,
      -0.0,
      -1.0
    ],
    [
      0.0,
      0.0,
      -0.0,
      0.0,
      0.03500000014901161,
      -0.0,
      -1.0
    ]
  ],
  "rollout_action_window_around_first_positive": [
    [
      -0.05039000138640404,
      0.04764999821782112,
      -0.31049999594688416,
      -0.00395999988541007,
      -0.00215999991632998,
      0.003819999983534217,
      -1.0
    ],
    [
      -0.0435199998319149,
      0.04761999845504761,
      -0.29183000326156616,
      -0.00443999981507659,
      -0.001500000013038516,
      0.007679999805986881,
      -1.0
    ],
    [
      -0.03708000108599663,
      0.047929998487234116,
      -0.2727299928665161,
      -0.005160000175237656,
      -0.0011399999493733048,
      0.01157000008970499,
      -1.0
    ],
    [
      -0.03013000078499317,
      0.049229998141527176,
      -0.25343000888824463,
      -0.005799999926239252,
      -0.0011500000255182385,
      0.014770000241696835,
      -1.0
    ],
    [
      -0.02474999986588955,
      0.05104999989271164,
      -0.23565000295639038,
      -0.007060000207275152,
      -0.0021899999119341373,
      0.017090000212192535,
      -1.0
    ],
    [
      -0.02054000087082386,
      0.05237000063061714,
      -0.21786999702453613,
      -0.008270000107586384,
      -0.003710000077262521,
      0.018400000408291817,
      1.0
    ],
    [
      -0.009720000438392162,
      0.04998999834060669,
      -0.19347000122070312,
      -0.008750000037252903,
      -0.003449999960139394,
      0.01703999936580658,
      1.0
    ],
    [
      -0.00046999999904073775,
      0.04805999994277954,
      -0.17081999778747559,
      -0.00892999954521656,
      -0.00394000019878149,
      0.013880000449717045,
      1.0
    ],
    [
      0.0033400000538676977,
      0.04648999869823456,
      -0.15029999613761902,
      -0.009100000374019146,
      -0.005140000022947788,
      0.009920000098645687,
      1.0
    ],
    [
      0.006200000178068876,
      0.04458000138401985,
      -0.1286499947309494,
      -0.00913000013679266,
      -0.005739999935030937,
      0.006039999891072512,
      1.0
    ],
    [
      0.008209999650716782,
      0.042419999837875366,
      -0.10552000254392624,
      -0.00901000015437603,
      -0.006049999967217445,
      0.00215000007301569,
      1.0
    ]
  ],
  "expert_action_window_around_first_positive": [
    [
      -0.16606999933719635,
      -0.09106999635696411,
      -0.5598199963569641,
      0.0,
      0.0,
      -0.0457100011408329,
      -1.0
    ],
    [
      -0.12320999801158905,
      -0.09910999983549118,
      -0.5196400284767151,
      0.0014299999456852674,
      0.0,
      -0.04500000178813934,
      -1.0
    ],
    [
      -0.10713999718427658,
      -0.09910999983549118,
      -0.5008900165557861,
      0.002859999891370535,
      0.0,
      -0.04500000178813934,
      -1.0
    ],
    [
      -0.09643000364303589,
      -0.09643000364303589,
      -0.4821400046348572,
      0.0035699999425560236,
      0.0,
      -0.0457100011408329,
      -1.0
    ],
    [
      -0.11249999701976776,
      -0.08839000016450882,
      -0.4741100072860718,
      0.004999999888241291,
      0.0,
      -0.047860000282526016,
      -1.0
    ],
    [
      -0.11785999685525894,
      -0.06964000314474106,
      -0.4633899927139282,
      0.0035699999425560236,
      0.0,
      -0.0492900013923645,
      1.0
    ],
    [
      -0.1339299976825714,
      -0.04554000124335289,
      -0.4232099950313568,
      0.0,
      0.0,
      -0.048569999635219574,
      1.0
    ],
    [
      -0.1366100013256073,
      -0.03750000149011612,
      -0.39375001192092896,
      0.0,
      0.0,
      -0.04642999917268753,
      1.0
    ],
    [
      -0.12320999801158905,
      0.0,
      -0.2919600009918213,
      0.0,
      0.009999999776482582,
      -0.041430000215768814,
      1.0
    ],
    [
      -0.08839000016450882,
      0.0,
      -0.1982100009918213,
      0.0,
      0.022140000015497208,
      -0.041430000215768814,
      1.0
    ],
    [
      -0.0428600013256073,
      0.0,
      -0.08570999652147293,
      0.0,
      0.029999999329447746,
      -0.04213999956846237,
      1.0
    ]
  ],
  "rollout_eef_pos_at_first_close": [
    -0.29887598752975464,
    0.017582999542355537,
    1.1730320453643799
  ],
  "expert_eef_pos_at_first_close": [
    -0.2927060127258301,
    0.0014769999543204904,
    1.1658109426498413
  ],
  "eef_pos_error_at_first_close": 0.018697567284107208,
  "closest_rollout_step_to_expert_close_pos": 2,
  "closest_rollout_dist_to_expert_close_pos": 0.01545654982328415,
  "closest_rollout_eef_pos": [
    -0.2980020046234131,
    0.01461699977517128,
    1.1719919443130493
  ],
  "rollout_close_minus_expert_close_steps": 0,
  "prefix_position_mse": 0.05695642903447151,
  "prefix_rotation_mse": 0.0026911406312137842,
  "prefix_gripper_sign_accuracy": 0.9529914529914529,
  "rollout_eef_pos_at_first_positive_gripper": [
    -0.2104099988937378,
    0.17440199851989746,
    1.0118240118026733
  ],
  "expert_eef_pos_at_first_positive_gripper": [
    -0.222338005900383,
    0.16674000024795532,
    0.9955099821090698
  ],
  "eef_pos_error_at_first_positive_gripper": 0.02161424793303013,
  "rollout_positive_minus_expert_positive_steps": 11,
  "closest_rollout_step_to_expert_positive_gripper_pos": 74,