{
  "trace_path": "results/rollout_trace_act_chunked_h20_task5_train3.csv",
  "h5_path": "data/libero_long/libero_10/STUDY_SCENE1_pick_up_the_book_and_place_it_in_the_back_compartment_of_the_caddy_demo.hdf5",
  "task_id": 5,
  "task_name": "STUDY_SCENE1_pick_up_the_book_and_place_it_in_the_back_compartment_of_the_caddy",
  "episode_idx": 2,
  "rollout_steps": 300,
  "expert_steps": 180,
  "rollout_success": false,
  "rollout_first_close_step": 0,
  "expert_first_close_step": 0,
  "rollout_first_positive_gripper_step": 69,
  "expert_first_positive_gripper_step": 60,
  "rollout_gripper_close_fraction": 0.23,
  "expert_gripper_close_fraction": 0.3333333333333333,
  "rollout_gripper_transitions": [
    69
  ],
  "expert_gripper_transitions": [
    60
  ],
  "rollout_action_window_around_first_close": [
    [
      0.016599999740719795,
      0.037310000509023666,
      -0.06340999901294708,
      0.005400000140070915,
      -0.00930000003427267,
      -0.0037899999879300594,
      -1.0
    ],
    [
      0.0328500010073185,
      0.060100000351667404,
      -0.0700099989771843,
      0.00546000013127923,
      -0.012690000236034393,
      -0.005739999935030937,
      -1.0
    ],
    [
      0.05299000069499016,
      0.07582999765872955,
      -0.06583999842405319,
      0.005570000037550926,
      -0.01408000010997057,
      -0.009940000250935555,
      -1.0
    ],
    [
      0.07742000371217728,
      0.09324000030755997,
      -0.05341000109910965,
      0.0052200001664459705,
      -0.01375999953597784,
      -0.01413000002503395,
      -1.0
    ],
    [
      0.0995199978351593,
      0.11004000157117844,
      -0.041510000824928284,
      0.004780000075697899,
      -0.01351999957114458,
      -0.017240000888705254,
      -1.0
    ],
    [
      0.1238899976015091,
      0.1275700032711029,
      -0.027550000697374344,
      0.004189999774098396,
      -0.012969999574124813,
      -0.020349999889731407,
      -1.0
    ]
  ],
  "expert_action_window_around_first_close": [
    [
      0.3187499940395355,
      -0.05892999842762947,
      0.0294599998742342,
      0.004290000069886446,
      0.07500000298023224,
      -0.0,
      -1.0
    ],
    [
      0.3348200023174286,
      -0.03750000149011612,
      0.0294599998742342,
      0.002859999891370535,
      0.07643000036478043,
      -0.0,
      -1.0
    ],
    [
      0.3348200023174286,
      -0.02679000049829483,
      0.02143000066280365,
      0.0007099999929778278,
      0.07643000036478043,
      -0.0,
      -1.0
    ],
    [
      0.3321399986743927,
      -0.0294599998742342,
      0.00535999983549118,
      0.002139999996870756,
      0.07428999990224838,
      -0.0,
      -1.0
    ],
    [
      0.31606999039649963,
      -0.02143000066280365,
      -0.0,
      0.0014299999456852674,
      0.06928999722003937,
      -0.0,
      -1.0
    ],
    [
      0.31338998675346375,
      -0.02411000058054924,
      -0.0,
      0.004290000069886446,
      0.07142999768257141,
      -0.0,
      -1.0
    ]
  ],
  "rollout_action_window_around_first_positive": [
    [
      -0.043129999190568924,
      0.06126999855041504,
      -0.2932499945163727,
      -0.0030499999411404133,
      -0.004569999873638153,
      -0.00203000009059906,
      -1.0
    ],
    [
      -0.03914999961853027,
      0.05804000049829483,
      -0.2737100124359131,
      -0.0035000001080334187,
      -0.003100000089034438,
      0.0019600000232458115,
      -1.0
    ],
    [
      -0.034210000187158585,
      0.05545999854803085,
      -0.2542800009250641,
      -0.004120000172406435,
      -0.0020000000949949026,
      0.005770000163465738,
      -1.0
    ],
    [
      -0.03167000040411949,
      0.05350000038743019,
      -0.23552000522613525,
      -0.005049999803304672,
      -0.0013800000306218863,
      0.008779999800026417,
      -1.0
    ],
    [
      -0.025510000064969063,
      0.05181000009179115,
      -0.2153400033712387,
      -0.005789999850094318,
      -0.0004900000058114529,
      0.011620000004768372,
      -1.0
    ],
    [
      -0.016720000654459,
      0.05042000114917755,
      -0.19449999928474426,
      -0.006390000227838755,
      0.0003499999875202775,
      0.013530000112950802,
      1.0
    ],
    [
      -0.004660000093281269,
      0.044769998639822006,
      -0.16985000669956207,
      -0.006300000008195639,
      0.0024900001008063555,
      0.011970000341534615,
      1.0
    ],
    [
      0.004689999856054783,
      0.03974999859929085,
      -0.14835000038146973,
      -0.006049999967217445,
      0.003809999907389283,
      0.008919999934732914,
      1.0
    ],
    [
      0.010409999638795853,
      0.03635000064969063,
      -0.12907999753952026,
      -0.006010000128298998,
      0.0047599999234080315,
      0.005309999920427799,
      1.0
    ],
    [
      0.014209999702870846,
      0.03305999934673309,
      -0.10904999822378159,
      -0.005849999841302633,
      0.005979999899864197,
      0.0019399999873712659,
      1.0
    ],
    [
      0.017240000888705254,
      0.030470000579953194,
      -0.08872000128030777,
      -0.005710000172257423,
      0.007319999858736992,
      -0.0017999999690800905,
      1.0
    ]
  ],
  "expert_action_window_around_first_positive": [
    [
      -0.1848199963569641,
      0.0,
      -0.35624998807907104,
      0.011429999954998493,
      0.025709999725222588,
      -0.005710000172257423,
      -1.0
    ],
    [
      -0.20624999701976776,
      0.0,
      -0.35624998807907104,
      0.010710000060498714,
      0.022859999909996986,
      -0.004999999888241291,
      -1.0
    ],
    [
      -0.2276799976825714,
      0.0,
      -0.3214299976825714,
      0.0035699999425560236,
      0.01785999909043312,
      -0.0,
      -1.0
    ],
    [
      -0.19286000728607178,
      0.0428600013256073,
      -0.2410700023174286,
      0.0,
      0.014290000312030315,
      -0.0,
      -1.0
    ],
    [
      -0.17143000662326813,
      0.11518000066280365,
      -0.16071000695228577,
      0.0,
      0.009999999776482582,
      -0.0,
      -1.0
    ],
    [
      -0.17143000662326813,
      0.11518000066280365,
      -0.16071000695228577,
      0.0,
      0.009999999776482582,
      -0.0,
      1.0
    ],
    [
      -0.11785999685525894,
      0.12589000165462494,
      -0.09106999635696411,
      0.0,
      0.018570000305771828,
      0.004999999888241291,
      1.0
    ],
    [
      -0.09643000364303589,
      0.10446000099182129,
      -0.06160999834537506,
      0.0,
      0.026429999619722366,
      0.009290000423789024,
      1.0
    ],
    [
      -0.10713999718427658,
      0.09643000364303589,
      -0.05356999859213829,
      0.0,
      0.027140000835061073,
      0.009290000423789024,
      1.0
    ],
    [
      -0.11785999685525894,
      0.08839000016450882,
      -0.05356999859213829,
      0.0,
      0.02500000037252903,
      0.006430000066757202,
      1.0
    ],
    [
      -0.11785999685525894,
      0.07767999917268753,
      -0.05356999859213829,
      0.0,
      0.02500000037252903,
      0.004290000069886446,
      1.0
    ]
  ],
  "rollout_eef_pos_at_first_close": [
    -0.3124150037765503,
    0.004484000150114298,
    1.151566982269287
  ],
  "expert_eef_pos_at_first_close": [
    -0.29350200295448303,
    -0.010230000130832195,
    1.1696879863739014
  ],
  "eef_pos_error_at_first_close": 0.030043140053749084,
  "closest_rollout_step_to_expert_close_pos": 2,
  "closest_rollout_dist_to_expert_close_pos": 0.025026783347129822,
  "closest_rollout_eef_pos": [
    -0.30827200412750244,
    0.004428999964147806,
    1.1557849645614624
  ],
  "rollout_close_minus_expert_close_steps": 0,
  "prefix_position_mse": 0.07381421327590942,
  "prefix_rotation_mse": 0.002966947853565216,
  "prefix_gripper_sign_accuracy": 0.95,
  "rollout_eef_pos_at_first_positive_gripper": [
    -0.2023250013589859,
    0.16874900460243225,
    1.0083529949188232
  ],