{
  "trace_path": "results/rollout_trace_act_chunked_h20_task5_overfit_train3.csv",
  "h5_path": "data/libero_long/libero_10/STUDY_SCENE1_pick_up_the_book_and_place_it_in_the_back_compartment_of_the_caddy_demo.hdf5",
  "task_id": 5,
  "task_name": "STUDY_SCENE1_pick_up_the_book_and_place_it_in_the_back_compartment_of_the_caddy",
  "episode_idx": 2,
  "rollout_steps": 300,
  "expert_steps": 180,
  "rollout_success": false,
  "rollout_first_close_step": 0,
  "expert_first_close_step": 0,
  "rollout_first_positive_gripper_step": 72,
  "expert_first_positive_gripper_step": 60,
  "rollout_gripper_close_fraction": 0.24,
  "expert_gripper_close_fraction": 0.3333333333333333,
  "rollout_gripper_transitions": [
    72
  ],
  "expert_gripper_transitions": [
    60
  ],
  "rollout_action_window_around_first_close": [
    [
      0.01565999910235405,
      0.14717000722885132,
      0.011959999799728394,
      -0.0011399999493733048,
      -0.0025500000920146704,
      -0.06533999741077423,
      -1.0
    ],
    [
      0.03367000073194504,
      0.1703300029039383,
      0.011169999837875366,
      -0.0007999999797903001,
      -0.0037400000728666782,
      -0.07129999995231628,
      -1.0
    ],
    [
      0.06084999814629555,
      0.19231000542640686,
      0.009209999814629555,
      9.999999747378752e-05,
      -0.004279999993741512,
      -0.07807999849319458,
      -1.0
    ],
    [
      0.11208000034093857,
      0.2347400039434433,
      0.002959999954327941,
      7.999999797903001e-05,
      -0.003590000094845891,
      -0.07564999908208847,
      -1.0
    ],
    [
      0.15731999278068542,
      0.2734200060367584,
      -0.003640000009909272,
      -9.999999747378752e-06,
      -0.002959999954327941,
      -0.07470999658107758,
      -1.0
    ],
    [
      0.2047799974679947,
      0.3120500147342682,
      -0.004769999999552965,
      -0.0003100000030826777,
      -0.0023399998899549246,
      -0.07490000128746033,
      -1.0
    ]
  ],
  "expert_action_window_around_first_close": [
    [
      0.3187499940395355,
      -0.05892999842762947,
      0.0294599998742342,
      0.004290000069886446,
      0.07500000298023224,
      -0.0,
      -1.0
    ],
    [
      0.3348200023174286,
      -0.03750000149011612,
      0.0294599998742342,
      0.002859999891370535,
      0.07643000036478043,
      -0.0,
      -1.0
    ],
    [
      0.3348200023174286,
      -0.02679000049829483,
      0.02143000066280365,
      0.0007099999929778278,
      0.07643000036478043,
      -0.0,
      -1.0
    ],
    [
      0.3321399986743927,
      -0.0294599998742342,
      0.00535999983549118,
      0.002139999996870756,
      0.07428999990224838,
      -0.0,
      -1.0
    ],
    [
      0.31606999039649963,
      -0.02143000066280365,
      -0.0,
      0.0014299999456852674,
      0.06928999722003937,
      -0.0,
      -1.0
    ],
    [
      0.31338998675346375,
      -0.02411000058054924,
      -0.0,
      0.004290000069886446,
      0.07142999768257141,
      -0.0,
      -1.0
    ]
  ],
  "rollout_action_window_around_first_positive": [
    [
      -0.2685000002384186,
      -0.007829999551177025,
      -0.4483799934387207,
      -0.004339999984949827,
      -0.010119999758899212,
      -0.01761999912559986,
      -1.0
    ],
    [
      -0.2576200067996979,
      -0.006120000034570694,
      -0.4343299865722656,
      -0.005189999938011169,
      -0.009320000186562538,
      -0.017100000753998756,
      -1.0
    ],
    [
      -0.24852000176906586,
      -0.0013699999544769526,
      -0.41527000069618225,
      -0.006949999835342169,
      -0.009770000353455544,
      -0.016259999945759773,
      -1.0
    ],
    [
      -0.23660999536514282,
      0.007079999893903732,
      -0.38870999217033386,
      -0.009239999577403069,
      -0.01006999984383583,
      -0.015039999969303608,
      -1.0
    ],
    [
      -0.20175999402999878,
      0.025140000507235527,
      -0.32899999618530273,
      -0.013749999925494194,
      -0.008329999633133411,
      -0.00953999999910593,
      -1.0
    ],
    [
      -0.14677999913692474,
      0.05827999860048294,
      -0.20176999270915985,
      -0.015479999594390392,
      -0.006750000175088644,
      -0.003329999977722764,
      1.0
    ],
    [
      -0.08986999839544296,
      0.06577999889850616,
      -0.15665000677108765,
      -0.011339999735355377,
      -0.0018899999558925629,
      -0.013770000077784061,
      1.0
    ],
    [
      -0.07186000049114227,
      0.06312000006437302,
      -0.13921000063419342,
      -0.010499999858438969,
      0.0006200000061653554,
      -0.01744999922811985,
      1.0
    ],
    [
      -0.05844999849796295,
      0.06481999903917313,
      -0.121069997549057,
      -0.010999999940395355,
      0.001500000013038516,
      -0.020400000736117363,
      1.0
    ],
    [
      -0.046709999442100525,
      0.06165999919176102,
      -0.09707999974489212,
      -0.011119999922811985,
      0.0025100000202655792,
      -0.022910000756382942,
      1.0
    ],
    [
      -0.03410999849438667,
      0.0528700016438961,
      -0.06700000166893005,
      -0.01078999973833561,
      0.004189999774098396,
      -0.025669999420642853,
      1.0
    ]
  ],
  "expert_action_window_around_first_positive": [
    [
      -0.1848199963569641,
      0.0,
      -0.35624998807907104,
      0.011429999954998493,
      0.025709999725222588,
      -0.005710000172257423,
      -1.0
    ],
    [
      -0.20624999701976776,
      0.0,
      -0.35624998807907104,
      0.010710000060498714,
      0.022859999909996986,
      -0.004999999888241291,
      -1.0
    ],
    [
      -0.2276799976825714,
      0.0,
      -0.3214299976825714,
      0.0035699999425560236,
      0.01785999909043312,
      -0.0,
      -1.0
    ],
    [
      -0.19286000728607178,
      0.0428600013256073,
      -0.2410700023174286,
      0.0,
      0.014290000312030315,
      -0.0,
      -1.0
    ],
    [
      -0.17143000662326813,
      0.11518000066280365,
      -0.16071000695228577,
      0.0,
      0.009999999776482582,
      -0.0,
      -1.0
    ],
    [
      -0.17143000662326813,
      0.11518000066280365,
      -0.16071000695228577,
      0.0,
      0.009999999776482582,
      -0.0,
      1.0
    ],
    [
      -0.11785999685525894,
      0.12589000165462494,
      -0.09106999635696411,
      0.0,
      0.018570000305771828,
      0.004999999888241291,
      1.0
    ],
    [
      -0.09643000364303589,
      0.10446000099182129,
      -0.06160999834537506,
      0.0,
      0.026429999619722366,
      0.009290000423789024,
      1.0
    ],
    [
      -0.10713999718427658,
      0.09643000364303589,
      -0.05356999859213829,
      0.0,
      0.027140000835061073,
      0.009290000423789024,
      1.0
    ],
    [
      -0.11785999685525894,
      0.08839000016450882,
      -0.05356999859213829,
      0.0,
      0.02500000037252903,
      0.006430000066757202,
      1.0
    ],
    [
      -0.11785999685525894,
      0.07767999917268753,
      -0.05356999859213829,
      0.0,
      0.02500000037252903,
      0.004290000069886446,
      1.0
    ]
  ],
  "rollout_eef_pos_at_first_close": [
    -0.3124150037765503,
    0.004484000150114298,
    1.151566982269287
  ],
  "expert_eef_pos_at_first_close": [
    -0.29350200295448303,
    -0.010230000130832195,
    1.1696879863739014
  ],
  "eef_pos_error_at_first_close": 0.030043140053749084,
  "closest_rollout_step_to_expert_close_pos": 2,
  "closest_rollout_dist_to_expert_close_pos": 0.025347430258989334,
  "closest_rollout_eef_pos": [
    -0.3084949851036072,
    0.005762999877333641,
    1.1569639444351196
  ],
  "rollout_close_minus_expert_close_steps": 0,
  "prefix_position_mse": 0.10355508327484131,
  "prefix_rotation_mse": 0.002071067690849304,
  "prefix_gripper_sign_accuracy": 0.9333333333333333,
  "rollout_eef_pos_at_first_positive_gripper": [
    -0.22902700304985046,
    0.15047499537467957,
    0.986506998538971
  ],