{
  "trace_path": "results/rollout_trace_act_chunked_h20_task5_consistency40_train3.csv",
  "h5_path": "data/libero_long/libero_10/STUDY_SCENE1_pick_up_the_book_and_place_it_in_the_back_compartment_of_the_caddy_demo.hdf5",
  "task_id": 5,
  "task_name": "STUDY_SCENE1_pick_up_the_book_and_place_it_in_the_back_compartment_of_the_caddy",
  "episode_idx": 1,
  "rollout_steps": 300,
  "expert_steps": 187,
  "rollout_success": false,
  "rollout_first_close_step": 0,
  "expert_first_close_step": 0,
  "rollout_first_positive_gripper_step": 63,
  "expert_first_positive_gripper_step": 74,
  "rollout_gripper_close_fraction": 0.21,
  "expert_gripper_close_fraction": 0.39572192513368987,
  "rollout_gripper_transitions": [
    63
  ],
  "expert_gripper_transitions": [
    74
  ],
  "rollout_action_window_around_first_close": [
    [
      0.15922999382019043,
      0.12245000153779984,
      0.060180000960826874,
      -0.0056500001810491085,
      0.011749999597668648,
      -0.015320000238716602,
      -1.0
    ],
    [
      0.18470999598503113,
      0.14744000136852264,
      0.05773000046610832,
      -0.005909999832510948,
      0.010739999823272228,
      -0.01606000028550625,
      -1.0
    ],
    [
      0.1876399964094162,
      0.15801000595092773,
      0.050769999623298645,
      -0.006819999776780605,
      0.009820000268518925,
      -0.015270000323653221,
      -1.0
    ],
    [
      0.19287000596523285,
      0.16500000655651093,
      0.04704999923706055,
      -0.007770000025629997,
      0.008750000037252903,
      -0.014109999872744083,
      -1.0
    ],
    [
      0.20592999458312988,
      0.1746000051498413,
      0.045049998909235,
      -0.008620000444352627,
      0.008100000210106373,
      -0.013079999946057796,
      -1.0
    ],
    [
      0.23124000430107117,
      0.193900004029274,
      0.04332000017166138,
      -0.009359999559819698,
      0.007009999826550484,
      -0.011590000241994858,
      -1.0
    ]
  ],
  "expert_action_window_around_first_close": [
    [
      0.04820999875664711,
      0.12857000529766083,
      -0.0,
      0.0,
      0.0007099999929778278,
      -0.0,
      -1.0
    ],
    [
      0.09106999635696411,
      0.10446000099182129,
      -0.0,
      0.0,
      0.008569999597966671,
      -0.0,
      -1.0
    ],
    [
      0.11785999685525894,
      0.09643000364303589,
      -0.0,
      0.0,
      0.011429999954998493,
      -0.0,
      -1.0
    ],
    [
      0.1366100013256073,
      0.11785999685525894,
      -0.0,
      0.0,
      0.009290000423789024,
      -0.0,
      -1.0
    ],
    [
      0.16875000298023224,
      0.16071000695228577,
      -0.0,
      0.0,
      0.010710000060498714,
      -0.002859999891370535,
      -1.0
    ],
    [
      0.2383899986743927,
      0.21695999801158905,
      -0.0,
      0.0,
      0.022140000015497208,
      -0.005710000172257423,
      -1.0
    ]
  ],
  "rollout_action_window_around_first_positive": [
    [
      -0.2272700071334839,
      -0.006930000148713589,
      -0.4496999979019165,
      0.0024800000246614218,
      -0.003759999992325902,
      -0.014229999855160713,
      -1.0
    ],
    [
      -0.21821999549865723,
      -0.003710000077262521,
      -0.4302299916744232,
      0.0018700000364333391,
      -0.0032599999103695154,
      -0.013439999893307686,
      -1.0
    ],
    [
      -0.20590999722480774,
      -0.0009699999936856329,
      -0.4055599868297577,
      0.0009800000116229057,
      -0.0029100000392645597,
      -0.012500000186264515,
      -1.0
    ],
    [
      -0.18195000290870667,
      0.010850000195205212,
      -0.36513999104499817,
      -0.0007699999841861427,
      -0.0018599999602884054,
      -0.011509999632835388,
      -1.0
    ],
    [
      -0.12266000360250473,
      0.04918999969959259,
      -0.26840999722480774,
      -0.0014199999859556556,
      0.001449999981559813,
      -0.008999999612569809,
      -1.0
    ],
    [
      -0.07314000278711319,
      0.0734499990940094,
      -0.18578000366687775,
      -0.0029100000392645597,
      0.002529999939724803,
      -0.017349999397993088,
      1.0
    ],
    [
      -0.05397000163793564,
      0.08083000034093857,
      -0.14805999398231506,
      -0.004559999797493219,
      0.0047900001518428326,
      -0.02223999984562397,
      1.0
    ],
    [
      -0.043480001389980316,
      0.08278000354766846,
      -0.11826000362634659,
      -0.0060800001956522465,
      0.0064199999906122684,
      -0.024569999426603317,
      1.0
    ],
    [
      -0.0371600016951561,
      0.07890000194311142,
      -0.0869000032544136,
      -0.006920000072568655,
      0.007590000052005053,
      -0.02653999999165535,
      1.0
    ],
    [
      -0.027550000697374344,
      0.06938999891281128,
      -0.05282000079751015,
      -0.007619999814778566,
      0.008410000242292881,
      -0.028880000114440918,
      1.0
    ],
    [
      -0.014809999614953995,
      0.05863000079989433,
      -0.016049999743700027,
      -0.007910000160336494,
      0.009479999542236328,
      -0.03139999881386757,
      1.0
    ]
  ],
  "expert_action_window_around_first_positive": [
    [
      -0.19553999602794647,
      0.00267999991774559,
      -0.5008900165557861,
      -0.006430000066757202,
      -0.04428999871015549,
      -0.0,
      -1.0
    ],
    [
      -0.08839000016450882,
      0.09106999635696411,
      -0.4580399990081787,
      -0.014290000312030315,
      -0.030710000544786453,
      -0.0,
      -1.0
    ],
    [
      -0.05624999850988388,
      0.12320999801158905,
      -0.44732001423835754,
      -0.018570000305771828,
      -0.027860000729560852,
      -0.0,
      -1.0
    ],
    [
      0.0,
      0.16606999933719635,
      -0.39107000827789307,
      -0.02143000066280365,
      -0.016429999843239784,
      -0.0,
      -1.0
    ],
    [
      0.0,
      0.19553999602794647,
      -0.2919600009918213,
      -0.024289999157190323,
      0.0,
      -0.0,
      -1.0
    ],
    [
      0.0,
      0.20356999337673187,
      -0.21964000165462494,
      -0.019999999552965164,
      0.0,
      -0.0,
      1.0
    ],
    [
      0.02143000066280365,
      0.19286000728607178,
      -0.1767899990081787,
      -0.016429999843239784,
      0.0,
      -0.0,
      1.0
    ],
    [
      0.04018000140786171,
      0.1446399986743927,
      -0.09643000364303589,
      -0.011429999954998493,
      0.008569999597966671,
      -0.014999999664723873,
      1.0
    ],
    [
      0.02411000058054924,
      0.09375,
      -0.05356999859213829,
      -0.007860000245273113,
      0.015709999948740005,
      -0.027860000729560852,
      1.0
    ],
    [
      0.010710000060498714,
      0.02679000049829483,
      -0.013389999978244305,
      -0.002859999891370535,
      0.02500000037252903,
      -0.037140000611543655,
      1.0
    ],
    [
      0.00267999991774559,
      0.0,
      -0.0,
      -0.0007099999929778278,
      0.03214000165462494,
      -0.0428600013256073,
      1.0
    ]
  ],
  "rollout_eef_pos_at_first_close": [
    -0.30190199613571167,
    0.0035540000535547733,
    1.1833219528198242
  ],
  "expert_eef_pos_at_first_close": [
    -0.308445006608963,
    0.003481999970972538,
    1.163383960723877
  ],
  "eef_pos_error_at_first_close": 0.020983858034014702,
  "closest_rollout_step_to_expert_close_pos": 2,
  "closest_rollout_dist_to_expert_close_pos": 0.019893616437911987,
  "closest_rollout_eef_pos": [
    -0.2994759976863861,
    0.004433999769389629,
    1.181115984916687
  ],
  "rollout_close_minus_expert_close_steps": 0,
  "prefix_position_mse": 0.10313218086957932,
  "prefix_rotation_mse": 0.0018989720847457647,
  "prefix_gripper_sign_accuracy": 0.9411764705882353,
  "rollout_eef_pos_at_first_positive_gripper": [
    -0.2140360027551651,
    0.13933099806308746,
    0.9852380156517029
  ],
  "expert_eef_pos_at_first_positive_gripper": [
    -0.2188750058412552,
    0.17664499580860138,
    0.9897639751434326
  ],