{
  "trace_path": "results/rollout_trace_act_chunked_h20_task5_overfit_train3.csv",
  "h5_path": "data/libero_long/libero_10/STUDY_SCENE1_pick_up_the_book_and_place_it_in_the_back_compartment_of_the_caddy_demo.hdf5",
  "task_id": 5,
  "task_name": "STUDY_SCENE1_pick_up_the_book_and_place_it_in_the_back_compartment_of_the_caddy",
  "episode_idx": 1,
  "rollout_steps": 300,
  "expert_steps": 187,
  "rollout_success": false,
  "rollout_first_close_step": 0,
  "expert_first_close_step": 0,
  "rollout_first_positive_gripper_step": 63,
  "expert_first_positive_gripper_step": 74,
  "rollout_gripper_close_fraction": 0.21,
  "expert_gripper_close_fraction": 0.39572192513368987,
  "rollout_gripper_transitions": [
    63
  ],
  "expert_gripper_transitions": [
    74
  ],
  "rollout_action_window_around_first_close": [
    [
      0.16726000607013702,
      0.1383499950170517,
      0.060309998691082,
      -0.00546000013127923,
      0.010449999943375587,
      -0.01785000041127205,
      -1.0
    ],
    [
      0.19142000377178192,
      0.16112999618053436,
      0.05762000009417534,
      -0.005570000037550926,
      0.009680000133812428,
      -0.018640000373125076,
      -1.0
    ],
    [
      0.19701999425888062,
      0.1733900010585785,
      0.049970000982284546,
      -0.006390000227838755,
      0.00872000027447939,
      -0.018139999359846115,
      -1.0
    ],
    [
      0.20196999609470367,
      0.18378999829292297,
      0.042810000479221344,
      -0.007230000104755163,
      0.008019999600946903,
      -0.017500000074505806,
      -1.0
    ],
    [
      0.20777000486850739,
      0.19077999889850616,
      0.0361500009894371,
      -0.00786999985575676,
      0.007300000172108412,
      -0.016359999775886536,
      -1.0
    ],
    [
      0.2287299931049347,
      0.2081499993801117,
      0.03327000141143799,
      -0.008620000444352627,
      0.0065299998968839645,
      -0.015239999629557133,
      -1.0
    ]
  ],
  "expert_action_window_around_first_close": [
    [
      0.04820999875664711,
      0.12857000529766083,
      -0.0,
      0.0,
      0.0007099999929778278,
      -0.0,
      -1.0
    ],
    [
      0.09106999635696411,
      0.10446000099182129,
      -0.0,
      0.0,
      0.008569999597966671,
      -0.0,
      -1.0
    ],
    [
      0.11785999685525894,
      0.09643000364303589,
      -0.0,
      0.0,
      0.011429999954998493,
      -0.0,
      -1.0
    ],
    [
      0.1366100013256073,
      0.11785999685525894,
      -0.0,
      0.0,
      0.009290000423789024,
      -0.0,
      -1.0
    ],
    [
      0.16875000298023224,
      0.16071000695228577,
      -0.0,
      0.0,
      0.010710000060498714,
      -0.002859999891370535,
      -1.0
    ],
    [
      0.2383899986743927,
      0.21695999801158905,
      -0.0,
      0.0,
      0.022140000015497208,
      -0.005710000172257423,
      -1.0
    ]
  ],
  "rollout_action_window_around_first_positive": [
    [
      -0.22790999710559845,
      -0.0008299999753944576,
      -0.44277000427246094,
      0.0004199999966658652,
      -0.00559999980032444,
      -0.013030000030994415,
      -1.0
    ],
    [
      -0.21523000299930573,
      0.0048500001430511475,
      -0.4237099885940552,
      -0.000750000006519258,
      -0.005489999894052744,
      -0.011629999615252018,
      -1.0
    ],
    [
      -0.2047400027513504,
      0.010239999741315842,
      -0.40108999609947205,
      -0.0021800000686198473,
      -0.005880000069737434,
      -0.009329999797046185,
      -1.0
    ],
    [
      -0.1872899979352951,
      0.018300000578165054,
      -0.36994999647140503,
      -0.0040699997916817665,
      -0.005609999876469374,
      -0.00687999976798892,
      -1.0
    ],
    [
      -0.12926000356674194,
      0.04974000155925751,
      -0.28979000449180603,
      -0.006659999955445528,
      -0.0035699999425560236,
      0.0007600000244565308,
      -1.0
    ],
    [
      -0.08530999720096588,
      0.08163999766111374,
      -0.20528000593185425,
      -0.006610000040382147,
      -0.0033400000538676977,
      -0.002959999954327941,
      1.0
    ],
    [
      -0.05040999874472618,
      0.09014999866485596,
      -0.14729000627994537,
      -0.006219999864697456,
      -0.0005000000237487257,
      -0.012380000203847885,
      1.0
    ],
    [
      -0.034290000796318054,
      0.08449000120162964,
      -0.11585000157356262,
      -0.00610999995842576,
      0.002369999885559082,
      -0.017999999225139618,
      1.0
    ],
    [
      -0.027729999274015427,
      0.07371000200510025,
      -0.0836699977517128,
      -0.006570000201463699,
      0.003490000031888485,
      -0.021080000326037407,
      1.0
    ],
    [
      -0.02019999921321869,
      0.06296999752521515,
      -0.04926000162959099,
      -0.007340000011026859,
      0.003490000031888485,
      -0.02353999949991703,
      1.0
    ],
    [
      -0.008849999867379665,
      0.04729999974370003,
      -0.00839999970048666,
      -0.007840000092983246,
      0.004240000154823065,
      -0.02741999924182892,
      1.0
    ]
  ],
  "expert_action_window_around_first_positive": [
    [
      -0.19553999602794647,
      0.00267999991774559,
      -0.5008900165557861,
      -0.006430000066757202,
      -0.04428999871015549,
      -0.0,
      -1.0
    ],
    [
      -0.08839000016450882,
      0.09106999635696411,
      -0.4580399990081787,
      -0.014290000312030315,
      -0.030710000544786453,
      -0.0,
      -1.0
    ],
    [
      -0.05624999850988388,
      0.12320999801158905,
      -0.44732001423835754,
      -0.018570000305771828,
      -0.027860000729560852,
      -0.0,
      -1.0
    ],
    [
      0.0,
      0.16606999933719635,
      -0.39107000827789307,
      -0.02143000066280365,
      -0.016429999843239784,
      -0.0,
      -1.0
    ],
    [
      0.0,
      0.19553999602794647,
      -0.2919600009918213,
      -0.024289999157190323,
      0.0,
      -0.0,
      -1.0
    ],
    [
      0.0,
      0.20356999337673187,
      -0.21964000165462494,
      -0.019999999552965164,
      0.0,
      -0.0,
      1.0
    ],
    [
      0.02143000066280365,
      0.19286000728607178,
      -0.1767899990081787,
      -0.016429999843239784,
      0.0,
      -0.0,
      1.0
    ],
    [
      0.04018000140786171,
      0.1446399986743927,
      -0.09643000364303589,
      -0.011429999954998493,
      0.008569999597966671,
      -0.014999999664723873,
      1.0
    ],
    [
      0.02411000058054924,
      0.09375,
      -0.05356999859213829,
      -0.007860000245273113,
      0.015709999948740005,
      -0.027860000729560852,
      1.0
    ],
    [
      0.010710000060498714,
      0.02679000049829483,
      -0.013389999978244305,
      -0.002859999891370535,
      0.02500000037252903,
      -0.037140000611543655,
      1.0
    ],
    [
      0.00267999991774559,
      0.0,
      -0.0,
      -0.0007099999929778278,
      0.03214000165462494,
      -0.0428600013256073,
      1.0
    ]
  ],
  "rollout_eef_pos_at_first_close": [
    -0.30190199613571167,
    0.0035540000535547733,
    1.1833219528198242
  ],
  "expert_eef_pos_at_first_close": [
    -0.308445006608963,
    0.003481999970972538,
    1.163383960723877
  ],
  "eef_pos_error_at_first_close": 0.020983858034014702,
  "closest_rollout_step_to_expert_close_pos": 2,
  "closest_rollout_dist_to_expert_close_pos": 0.019964491948485374,
  "closest_rollout_eef_pos": [
    -0.2993449866771698,
    0.0046720001846551895,
    1.1811139583587646
  ],
  "rollout_close_minus_expert_close_steps": 0,
  "prefix_position_mse": 0.10100918263196945,
  "prefix_rotation_mse": 0.0021363706327974796,
  "prefix_gripper_sign_accuracy": 0.9411764705882353,
  "rollout_eef_pos_at_first_positive_gripper": [
    -0.21759900450706482,
    0.14118899405002594,
    0.9849380254745483
  ],
  "expert_eef_pos_at_first_positive_gripper": [
    -0.2188750058412552,
    0.17664499580860138,
    0.9897639751434326
  ],