{
  "trace_path": "results/rollout_trace_act_chunked_h20_task5_consistency40_train3.csv",
  "h5_path": "data/libero_long/libero_10/STUDY_SCENE1_pick_up_the_book_and_place_it_in_the_back_compartment_of_the_caddy_demo.hdf5",
  "task_id": 5,
  "task_name": "STUDY_SCENE1_pick_up_the_book_and_place_it_in_the_back_compartment_of_the_caddy",
  "episode_idx": 2,
  "rollout_steps": 300,
  "expert_steps": 180,
  "rollout_success": false,
  "rollout_first_close_step": 0,
  "expert_first_close_step": 0,
  "rollout_first_positive_gripper_step": 72,
  "expert_first_positive_gripper_step": 60,
  "rollout_gripper_close_fraction": 0.24,
  "expert_gripper_close_fraction": 0.3333333333333333,
  "rollout_gripper_transitions": [
    72
  ],
  "expert_gripper_transitions": [
    60
  ],
  "rollout_action_window_around_first_close": [
    [
      0.017829999327659607,
      0.13364000618457794,
      0.0011899999808520079,
      -0.0010300000431016088,
      -0.0013200000394135714,
      -0.06575000286102295,
      -1.0
    ],
    [
      0.037209998816251755,
      0.15852999687194824,
      0.0006500000017695129,
      -0.0005200000014156103,
      -0.002300000051036477,
      -0.07212000340223312,
      -1.0
    ],
    [
      0.07085999846458435,
      0.18477000296115875,
      -0.0016599999507889152,
      0.00013000000035390258,
      -0.0030799999367445707,
      -0.07779999822378159,
      -1.0
    ],
    [
      0.11575999855995178,
      0.22045999765396118,
      -0.005590000189840794,
      0.0007099999929778278,
      -0.003379999892786145,
      -0.07782000303268433,
      -1.0
    ],
    [
      0.1726199984550476,
      0.26517000794410706,
      -0.0071299998089671135,
      0.0004299999854993075,
      -0.00267999991774559,
      -0.07559999823570251,
      -1.0
    ],
    [
      0.22216999530792236,
      0.30386999249458313,
      -0.008310000412166119,
      0.0001900000061141327,
      -0.0021299999207258224,
      -0.07637999951839447,
      -1.0
    ]
  ],
  "expert_action_window_around_first_close": [
    [
      0.3187499940395355,
      -0.05892999842762947,
      0.0294599998742342,
      0.004290000069886446,
      0.07500000298023224,
      -0.0,
      -1.0
    ],
    [
      0.3348200023174286,
      -0.03750000149011612,
      0.0294599998742342,
      0.002859999891370535,
      0.07643000036478043,
      -0.0,
      -1.0
    ],
    [
      0.3348200023174286,
      -0.02679000049829483,
      0.02143000066280365,
      0.0007099999929778278,
      0.07643000036478043,
      -0.0,
      -1.0
    ],
    [
      0.3321399986743927,
      -0.0294599998742342,
      0.00535999983549118,
      0.002139999996870756,
      0.07428999990224838,
      -0.0,
      -1.0
    ],
    [
      0.31606999039649963,
      -0.02143000066280365,
      -0.0,
      0.0014299999456852674,
      0.06928999722003937,
      -0.0,
      -1.0
    ],
    [
      0.31338998675346375,
      -0.02411000058054924,
      -0.0,
      0.004290000069886446,
      0.07142999768257141,
      -0.0,
      -1.0
    ]
  ],
  "rollout_action_window_around_first_positive": [
    [
      -0.2754400074481964,
      -0.00547999981790781,
      -0.44137001037597656,
      -0.00610999995842576,
      -0.010540000163018703,
      -0.017230000346899033,
      -1.0
    ],
    [
      -0.26927000284194946,
      -0.004310000222176313,
      -0.4236699938774109,
      -0.007350000087171793,
      -0.010499999858438969,
      -0.016950000077486038,
      -1.0
    ],
    [
      -0.2571699917316437,
      0.0010000000474974513,
      -0.4003100097179413,
      -0.008790000341832638,
      -0.009999999776482582,
      -0.01665000058710575,
      -1.0
    ],
    [
      -0.23265999555587769,
      0.015429999679327011,
      -0.3556700050830841,
      -0.011540000326931477,
      -0.009259999729692936,
      -0.014670000411570072,
      -1.0
    ],
    [
      -0.18469999730587006,
      0.045260000973939896,
      -0.27893000841140747,
      -0.014589999802410603,
      -0.007240000180900097,
      -0.008700000122189522,
      -1.0
    ],
    [
      -0.12202999740839005,
      0.06431999802589417,
      -0.1890999972820282,
      -0.012179999612271786,
      -0.0034799999557435513,
      -0.01083999965339899,
      1.0
    ],
    [
      -0.09692999720573425,
      0.061400000005960464,
      -0.1590700000524521,
      -0.011029999703168869,
      -0.000539999979082495,
      -0.015250000171363354,
      1.0
    ],
    [
      -0.0736600011587143,
      0.0587799996137619,
      -0.13609999418258667,
      -0.010160000063478947,
      0.0022799998987466097,
      -0.019020000472664833,
      1.0
    ],
    [
      -0.06058000028133392,
      0.05751999840140343,
      -0.11482000350952148,
      -0.010479999706149101,
      0.003640000009909272,
      -0.022059999406337738,
      1.0
    ],
    [
      -0.04681999981403351,
      0.05936000123620033,
      -0.09227000176906586,
      -0.011210000142455101,
      0.004900000058114529,
      -0.025030000135302544,
      1.0
    ],
    [
      -0.03570999950170517,
      0.05432000011205673,
      -0.06191999837756157,
      -0.011429999954998493,
      0.0072200000286102295,
      -0.027650000527501106,
      1.0
    ]
  ],
  "expert_action_window_around_first_positive": [
    [
      -0.1848199963569641,
      0.0,
      -0.35624998807907104,
      0.011429999954998493,
      0.025709999725222588,
      -0.005710000172257423,
      -1.0
    ],
    [
      -0.20624999701976776,
      0.0,
      -0.35624998807907104,
      0.010710000060498714,
      0.022859999909996986,
      -0.004999999888241291,
      -1.0
    ],
    [
      -0.2276799976825714,
      0.0,
      -0.3214299976825714,
      0.0035699999425560236,
      0.01785999909043312,
      -0.0,
      -1.0
    ],
    [
      -0.19286000728607178,
      0.0428600013256073,
      -0.2410700023174286,
      0.0,
      0.014290000312030315,
      -0.0,
      -1.0
    ],
    [
      -0.17143000662326813,
      0.11518000066280365,
      -0.16071000695228577,
      0.0,
      0.009999999776482582,
      -0.0,
      -1.0
    ],
    [
      -0.17143000662326813,
      0.11518000066280365,
      -0.16071000695228577,
      0.0,
      0.009999999776482582,
      -0.0,
      1.0
    ],
    [
      -0.11785999685525894,
      0.12589000165462494,
      -0.09106999635696411,
      0.0,
      0.018570000305771828,
      0.004999999888241291,
      1.0
    ],
    [
      -0.09643000364303589,
      0.10446000099182129,
      -0.06160999834537506,
      0.0,
      0.026429999619722366,
      0.009290000423789024,
      1.0
    ],
    [
      -0.10713999718427658,
      0.09643000364303589,
      -0.05356999859213829,
      0.0,
      0.027140000835061073,
      0.009290000423789024,
      1.0
    ],
    [
      -0.11785999685525894,
      0.08839000016450882,
      -0.05356999859213829,
      0.0,
      0.02500000037252903,
      0.006430000066757202,
      1.0
    ],
    [
      -0.11785999685525894,
      0.07767999917268753,
      -0.05356999859213829,
      0.0,
      0.02500000037252903,
      0.004290000069886446,
      1.0
    ]
  ],
  "rollout_eef_pos_at_first_close": [
    -0.3124150037765503,
    0.004484000150114298,
    1.151566982269287
  ],
  "expert_eef_pos_at_first_close": [
    -0.29350200295448303,
    -0.010230000130832195,
    1.1696879863739014
  ],
  "eef_pos_error_at_first_close": 0.030043140053749084,
  "closest_rollout_step_to_expert_close_pos": 2,
  "closest_rollout_dist_to_expert_close_pos": 0.025316355749964714,
  "closest_rollout_eef_pos": [
    -0.3084830045700073,
    0.005557000171393156,
    1.156756043434143
  ],
  "rollout_close_minus_expert_close_steps": 0,
  "prefix_position_mse": 0.10387475788593292,
  "prefix_rotation_mse": 0.0019780525472015142,
  "prefix_gripper_sign_accuracy": 0.9333333333333333,
  "rollout_eef_pos_at_first_positive_gripper": [
    -0.22830499708652496,
    0.1503780037164688,
    0.9868869781494141
  ],