{
  "trace_path": "results/rollout_trace_act_chunked_h20_task5_consistency40_train3.csv",
  "h5_path": "data/libero_long/libero_10/STUDY_SCENE1_pick_up_the_book_and_place_it_in_the_back_compartment_of_the_caddy_demo.hdf5",
  "task_id": 5,
  "task_name": "STUDY_SCENE1_pick_up_the_book_and_place_it_in_the_back_compartment_of_the_caddy",
  "episode_idx": 0,
  "rollout_steps": 148,
  "expert_steps": 234,
  "rollout_success": true,
  "rollout_first_close_step": 0,
  "expert_first_close_step": 0,
  "rollout_first_positive_gripper_step": 74,
  "expert_first_positive_gripper_step": 57,
  "rollout_gripper_close_fraction": 0.5,
  "expert_gripper_close_fraction": 0.24358974358974358,
  "rollout_gripper_transitions": [
    74
  ],
  "expert_gripper_transitions": [
    57
  ],
  "rollout_action_window_around_first_close": [
    [
      0.044429998844861984,
      0.11539000272750854,
      0.010420000180602074,
      -0.0016599999507889152,
      0.01157000008970499,
      -0.016090000048279762,
      -1.0
    ],
    [
      0.0652099996805191,
      0.13752000033855438,
      0.011839999817311764,
      -0.0017900000093504786,
      0.011169999837875366,
      -0.019020000472664833,
      -1.0
    ],
    [
      0.09628000110387802,
      0.1626099944114685,
      0.010010000318288803,
      -0.0016599999507889152,
      0.011309999972581863,
      -0.021859999746084213,
      -1.0
    ],
    [
      0.12150999903678894,
      0.1925099939107895,
      0.009680000133812428,
      -0.001610000035725534,
      0.010329999960958958,
      -0.026100000366568565,
      -1.0
    ],
    [
      0.15434999763965607,
      0.23598000407218933,
      0.009890000335872173,
      -0.001500000013038516,
      0.008430000394582748,
      -0.031230000779032707,
      -1.0
    ],
    [
      0.17550000548362732,
      0.27327999472618103,
      0.009469999931752682,
      -0.001129999989643693,
      0.0061900001019239426,
      -0.037689998745918274,
      -1.0
    ]
  ],
  "expert_action_window_around_first_close": [
    [
      0.0,
      0.0,
      -0.0,
      0.0,
      0.03142999857664108,
      -0.0035699999425560236,
      -1.0
    ],
    [
      0.0,
      0.0,
      -0.0,
      0.0,
      0.033569999039173126,
      -0.002859999891370535,
      -1.0
    ],
    [
      0.0,
      0.0,
      -0.0,
      0.0,
      0.033569999039173126,
      -0.002139999996870756,
      -1.0
    ],
    [
      0.0,
      0.0,
      -0.0,
      0.0,
      0.033569999039173126,
      -0.0014299999456852674,
      -1.0
    ],
    [
      0.0,
      0.0,
      -0.0,
      0.0,
      0.03570999950170517,
      -0.0,
      -1.0
    ],
    [
      0.0,
      0.0,
      -0.0,
      0.0,
      0.03500000014901161,
      -0.0,
      -1.0
    ]
  ],
  "rollout_action_window_around_first_positive": [
    [
      -0.19700999557971954,
      -0.0022499999031424522,
      -0.4797999858856201,
      -0.003019999945536256,
      0.0016199999954551458,
      -0.005919999908655882,
      -1.0
    ],
    [
      -0.18557000160217285,
      0.0005099999834783375,
      -0.4640899896621704,
      -0.005319999996572733,
      0.0009899999713525176,
      -0.002859999891370535,
      -1.0
    ],
    [
      -0.17067000269889832,
      0.0036100000143051147,
      -0.4413500130176544,
      -0.008170000277459621,
      0.0003000000142492354,
      0.0008099999977275729,
      -1.0
    ],
    [
      -0.1387300044298172,
      0.017729999497532845,
      -0.3972199857234955,
      -0.01348000019788742,
      0.0010000000474974513,
      0.0086899995803833,
      -1.0
    ],
    [
      -0.11563000082969666,
      0.0611799992620945,
      -0.3197999894618988,
      -0.02127999998629093,
      -0.00044999999227002263,
      0.018489999696612358,
      -1.0
    ],
    [
      -0.11134999990463257,
      0.0632999986410141,
      -0.21230000257492065,
      -0.021059999242424965,
      -0.0035600000992417336,
      0.011429999954998493,
      1.0
    ],
    [
      -0.10012999922037125,
      0.046790000051259995,
      -0.16662000119686127,
      -0.019850000739097595,
      -0.002219999907538295,
      0.005169999785721302,
      1.0
    ],
    [
      -0.09850999712944031,
      0.017969999462366104,
      -0.1341100037097931,
      -0.01964999921619892,
      -0.0002500000118743628,
      0.00139999995008111,
      1.0
    ],
    [
      -0.09781999886035919,
      -0.010010000318288803,
      -0.11201000213623047,
      -0.019449999555945396,
      0.000699999975040555,
      -0.0023799999617040157,
      1.0
    ],
    [
      -0.09436000138521194,
      -0.039409998804330826,
      -0.07647000253200531,
      -0.01964999921619892,
      0.0021899999119341373,
      -0.004600000102072954,
      1.0
    ],
    [
      -0.08980000019073486,
      -0.07022000104188919,
      -0.03956000134348869,
      -0.018969999626278877,
      0.00394000019878149,
      -0.00989999994635582,
      1.0
    ]
  ],
  "expert_action_window_around_first_positive": [
    [
      -0.16606999933719635,
      -0.09106999635696411,
      -0.5598199963569641,
      0.0,
      0.0,
      -0.0457100011408329,
      -1.0
    ],
    [
      -0.12320999801158905,
      -0.09910999983549118,
      -0.5196400284767151,
      0.0014299999456852674,
      0.0,
      -0.04500000178813934,
      -1.0
    ],
    [
      -0.10713999718427658,
      -0.09910999983549118,
      -0.5008900165557861,
      0.002859999891370535,
      0.0,
      -0.04500000178813934,
      -1.0
    ],
    [
      -0.09643000364303589,
      -0.09643000364303589,
      -0.4821400046348572,
      0.0035699999425560236,
      0.0,
      -0.0457100011408329,
      -1.0
    ],
    [
      -0.11249999701976776,
      -0.08839000016450882,
      -0.4741100072860718,
      0.004999999888241291,
      0.0,
      -0.047860000282526016,
      -1.0
    ],
    [
      -0.11785999685525894,
      -0.06964000314474106,
      -0.4633899927139282,
      0.0035699999425560236,
      0.0,
      -0.0492900013923645,
      1.0
    ],
    [
      -0.1339299976825714,
      -0.04554000124335289,
      -0.4232099950313568,
      0.0,
      0.0,
      -0.048569999635219574,
      1.0
    ],
    [
      -0.1366100013256073,
      -0.03750000149011612,
      -0.39375001192092896,
      0.0,
      0.0,
      -0.04642999917268753,
      1.0
    ],
    [
      -0.12320999801158905,
      0.0,
      -0.2919600009918213,
      0.0,
      0.009999999776482582,
      -0.041430000215768814,
      1.0
    ],
    [
      -0.08839000016450882,
      0.0,
      -0.1982100009918213,
      0.0,
      0.022140000015497208,
      -0.041430000215768814,
      1.0
    ],
    [
      -0.0428600013256073,
      0.0,
      -0.08570999652147293,
      0.0,
      0.029999999329447746,
      -0.04213999956846237,
      1.0
    ]
  ],
  "rollout_eef_pos_at_first_close": [
    -0.29887598752975464,
    0.017582999542355537,
    1.1730320453643799
  ],
  "expert_eef_pos_at_first_close": [
    -0.2927060127258301,
    0.0014769999543204904,
    1.1658109426498413
  ],
  "eef_pos_error_at_first_close": 0.018697567284107208,
  "closest_rollout_step_to_expert_close_pos": 2,
  "closest_rollout_dist_to_expert_close_pos": 0.01668875850737095,
  "closest_rollout_eef_pos": [
    -0.2978940010070801,
    0.01546700019389391,
    1.173287034034729
  ],
  "rollout_close_minus_expert_close_steps": 0,
  "prefix_position_mse": 0.07787206023931503,
  "prefix_rotation_mse": 0.0012728784931823611,
  "prefix_gripper_sign_accuracy": 0.8851351351351351,
  "rollout_eef_pos_at_first_positive_gripper": [
    -0.25606998801231384,
    0.19877199828624725,
    0.9869369864463806
  ],
  "expert_eef_pos_at_first_positive_gripper": [
    -0.222338005900383,
    0.16674000024795532,
    0.9955099821090698
  ],
  "eef_pos_error_at_first_positive_gripper": 0.047300826758146286,
  "rollout_positive_minus_expert_positive_steps": 17,
  "closest_rollout_step_to_expert_positive_gripper_pos": 64,