{
  "trace_path": "results/rollout_trace_act_chunked_h20_task5_placement_weighted55_train3.csv",
  "h5_path": "data/libero_long/libero_10/STUDY_SCENE1_pick_up_the_book_and_place_it_in_the_back_compartment_of_the_caddy_demo.hdf5",
  "task_id": 5,
  "task_name": "STUDY_SCENE1_pick_up_the_book_and_place_it_in_the_back_compartment_of_the_caddy",
  "episode_idx": 1,
  "rollout_steps": 300,
  "expert_steps": 187,
  "rollout_success": false,
  "rollout_first_close_step": 0,
  "expert_first_close_step": 0,
  "rollout_first_positive_gripper_step": 70,
  "expert_first_positive_gripper_step": 74,
  "rollout_gripper_close_fraction": 0.23333333333333334,
  "expert_gripper_close_fraction": 0.39572192513368987,
  "rollout_gripper_transitions": [
    70
  ],
  "expert_gripper_transitions": [
    74
  ],
  "rollout_action_window_around_first_close": [
    [
      0.16954000294208527,
      0.10204999893903732,
      -0.04050000011920929,
      -0.004970000125467777,
      0.008460000157356262,
      -0.010300000198185444,
      -1.0
    ],
    [
      0.19086000323295593,
      0.11721000075340271,
      -0.03581999987363815,
      -0.005040000192821026,
      0.008550000376999378,
      -0.00925000011920929,
      -1.0
    ],
    [
      0.2049500048160553,
      0.13346000015735626,
      -0.034380000084638596,
      -0.006089999806135893,
      0.007519999984651804,
      -0.006089999806135893,
      -1.0
    ],
    [
      0.2278199940919876,
      0.15222999453544617,
      -0.03215000033378601,
      -0.007350000087171793,
      0.007120000198483467,
      -0.003539999946951866,
      -1.0
    ],
    [
      0.24647000432014465,
      0.1688999980688095,
      -0.02745000086724758,
      -0.00848000030964613,
      0.00622999994084239,
      0.0003499999875202775,
      -1.0
    ],
    [
      0.2706199884414673,
      0.18713000416755676,
      -0.01995999924838543,
      -0.009069999679923058,
      0.00535999983549118,
      0.00394000019878149,
      -1.0
    ]
  ],
  "expert_action_window_around_first_close": [
    [
      0.04820999875664711,
      0.12857000529766083,
      -0.0,
      0.0,
      0.0007099999929778278,
      -0.0,
      -1.0
    ],
    [
      0.09106999635696411,
      0.10446000099182129,
      -0.0,
      0.0,
      0.008569999597966671,
      -0.0,
      -1.0
    ],
    [
      0.11785999685525894,
      0.09643000364303589,
      -0.0,
      0.0,
      0.011429999954998493,
      -0.0,
      -1.0
    ],
    [
      0.1366100013256073,
      0.11785999685525894,
      -0.0,
      0.0,
      0.009290000423789024,
      -0.0,
      -1.0
    ],
    [
      0.16875000298023224,
      0.16071000695228577,
      -0.0,
      0.0,
      0.010710000060498714,
      -0.002859999891370535,
      -1.0
    ],
    [
      0.2383899986743927,
      0.21695999801158905,
      -0.0,
      0.0,
      0.022140000015497208,
      -0.005710000172257423,
      -1.0
    ]
  ],
  "rollout_action_window_around_first_positive": [
    [
      -0.06728000193834305,
      0.12160000205039978,
      -0.3580699861049652,
      -0.0040799998678267,
      -0.03438999876379967,
      0.010870000347495079,
      -1.0
    ],
    [
      -0.03530000150203705,
      0.13269999623298645,
      -0.31689000129699707,
      -0.007369999773800373,
      -0.03840000182390213,
      0.010359999723732471,
      -1.0
    ],
    [
      -0.0008900000248104334,
      0.13801999390125275,
      -0.282150000333786,
      -0.010359999723732471,
      -0.04221000149846077,
      0.010459999553859234,
      -1.0
    ],
    [
      0.030470000579953194,
      0.14340999722480774,
      -0.24295000731945038,
      -0.01351999957114458,
      -0.04510999843478203,
      0.011789999902248383,
      -1.0
    ],
    [
      0.048659998923540115,
      0.14172999560832977,
      -0.21182000637054443,
      -0.0173799991607666,
      -0.04918999969959259,
      0.012319999746978283,
      -1.0
    ],
    [
      0.055640000849962234,
      0.1488099992275238,
      -0.14836999773979187,
      -0.019009999930858612,
      -0.05090999975800514,
      0.009200000204145908,
      1.0
    ],
    [
      0.06903000175952911,
      0.12099999934434891,
      -0.057829998433589935,
      -0.017470000311732292,
      -0.044679999351501465,
      -0.00901000015437603,
      1.0
    ],
    [
      0.08158999681472778,
      0.09194999933242798,
      0.0225600004196167,
      -0.018039999529719353,
      -0.04442000016570091,
      -0.022350000217556953,
      1.0
    ],
    [
      0.10196000337600708,
      0.05609000101685524,
      0.12262000143527985,
      -0.017710000276565552,
      -0.041430000215768814,
      -0.03525000065565109,
      1.0
    ],
    [
      0.12982000410556793,
      0.02078999951481819,
      0.23499999940395355,
      -0.018950000405311584,
      -0.038770001381635666,
      -0.04408999904990196,
      1.0
    ],
    [
      0.15953999757766724,
      -0.030810000374913216,
      0.38712000846862793,
      -0.020109999924898148,
      -0.03305999934673309,
      -0.05079999938607216,
      1.0
    ]
  ],
  "expert_action_window_around_first_positive": [
    [
      -0.19553999602794647,
      0.00267999991774559,
      -0.5008900165557861,
      -0.006430000066757202,
      -0.04428999871015549,
      -0.0,
      -1.0
    ],
    [
      -0.08839000016450882,
      0.09106999635696411,
      -0.4580399990081787,
      -0.014290000312030315,
      -0.030710000544786453,
      -0.0,
      -1.0
    ],
    [
      -0.05624999850988388,
      0.12320999801158905,
      -0.44732001423835754,
      -0.018570000305771828,
      -0.027860000729560852,
      -0.0,
      -1.0
    ],
    [
      0.0,
      0.16606999933719635,
      -0.39107000827789307,
      -0.02143000066280365,
      -0.016429999843239784,
      -0.0,
      -1.0
    ],
    [
      0.0,
      0.19553999602794647,
      -0.2919600009918213,
      -0.024289999157190323,
      0.0,
      -0.0,
      -1.0
    ],
    [
      0.0,
      0.20356999337673187,
      -0.21964000165462494,
      -0.019999999552965164,
      0.0,
      -0.0,
      1.0
    ],
    [
      0.02143000066280365,
      0.19286000728607178,
      -0.1767899990081787,
      -0.016429999843239784,
      0.0,
      -0.0,
      1.0
    ],
    [
      0.04018000140786171,
      0.1446399986743927,
      -0.09643000364303589,
      -0.011429999954998493,
      0.008569999597966671,
      -0.014999999664723873,
      1.0
    ],
    [
      0.02411000058054924,
      0.09375,
      -0.05356999859213829,
      -0.007860000245273113,
      0.015709999948740005,
      -0.027860000729560852,
      1.0
    ],
    [
      0.010710000060498714,
      0.02679000049829483,
      -0.013389999978244305,
      -0.002859999891370535,
      0.02500000037252903,
      -0.037140000611543655,
      1.0
    ],
    [
      0.00267999991774559,
      0.0,
      -0.0,
      -0.0007099999929778278,
      0.03214000165462494,
      -0.0428600013256073,
      1.0
    ]
  ],
  "rollout_eef_pos_at_first_close": [
    -0.30190199613571167,
    0.0035540000535547733,
    1.1833219528198242
  ],
  "expert_eef_pos_at_first_close": [
    -0.308445006608963,
    0.003481999970972538,
    1.163383960723877
  ],
  "eef_pos_error_at_first_close": 0.020983858034014702,
  "closest_rollout_step_to_expert_close_pos": 2,
  "closest_rollout_dist_to_expert_close_pos": 0.01854792609810829,
  "closest_rollout_eef_pos": [
    -0.29922598600387573,
    0.004098000004887581,
    1.179466962814331
  ],
  "rollout_close_minus_expert_close_steps": 0,
  "prefix_position_mse": 0.07964801788330078,
  "prefix_rotation_mse": 0.0011070239124819636,
  "prefix_gripper_sign_accuracy": 0.9786096256684492,
  "rollout_eef_pos_at_first_positive_gripper": [
    -0.18130099773406982,
    0.15699799358844757,
    0.9906430244445801
  ],
  "expert_eef_pos_at_first_positive_gripper": [
    -0.2188750058412552,
    0.17664499580860138,
    0.9897639751434326
  ],