{
  "trace_path": "results/rollout_trace_act_chunked_h20_task5_placement_weighted55_train3.csv",
  "h5_path": "data/libero_long/libero_10/STUDY_SCENE1_pick_up_the_book_and_place_it_in_the_back_compartment_of_the_caddy_demo.hdf5",
  "task_id": 5,
  "task_name": "STUDY_SCENE1_pick_up_the_book_and_place_it_in_the_back_compartment_of_the_caddy",
  "episode_idx": 2,
  "rollout_steps": 300,
  "expert_steps": 180,
  "rollout_success": false,
  "rollout_first_close_step": 0,
  "expert_first_close_step": 0,
  "rollout_first_positive_gripper_step": 77,
  "expert_first_positive_gripper_step": 60,
  "rollout_gripper_close_fraction": 0.25666666666666665,
  "expert_gripper_close_fraction": 0.3333333333333333,
  "rollout_gripper_transitions": [
    77
  ],
  "expert_gripper_transitions": [
    60
  ],
  "rollout_action_window_around_first_close": [
    [
      0.08038000017404556,
      0.12902000546455383,
      -0.0031300000846385956,
      0.002570000011473894,
      -0.0012700000079348683,
      -0.051920000463724136,
      -1.0
    ],
    [
      0.09751000255346298,
      0.14892999827861786,
      -0.00279999990016222,
      0.003169999923557043,
      -0.0016799999866634607,
      -0.055709999054670334,
      -1.0
    ],
    [
      0.12830999493598938,
      0.1708800047636032,
      -0.008489999920129776,
      0.003169999923557043,
      -0.0012499999720603228,
      -0.05618000030517578,
      -1.0
    ],
    [
      0.17528000473976135,
      0.20739999413490295,
      -0.010900000110268593,
      0.003229999914765358,
      -0.0007099999929778278,
      -0.051339998841285706,
      -1.0
    ],
    [
      0.2142300009727478,
      0.23964999616146088,
      -0.010769999586045742,
      0.003229999914765358,
      -0.0007699999841861427,
      -0.04966999962925911,
      -1.0
    ],
    [
      0.26096999645233154,
      0.2795700132846832,
      -0.009290000423789024,
      0.0029299999587237835,
      -0.0010300000431016088,
      -0.048900000751018524,
      -1.0
    ]
  ],
  "expert_action_window_around_first_close": [
    [
      0.3187499940395355,
      -0.05892999842762947,
      0.0294599998742342,
      0.004290000069886446,
      0.07500000298023224,
      -0.0,
      -1.0
    ],
    [
      0.3348200023174286,
      -0.03750000149011612,
      0.0294599998742342,
      0.002859999891370535,
      0.07643000036478043,
      -0.0,
      -1.0
    ],
    [
      0.3348200023174286,
      -0.02679000049829483,
      0.02143000066280365,
      0.0007099999929778278,
      0.07643000036478043,
      -0.0,
      -1.0
    ],
    [
      0.3321399986743927,
      -0.0294599998742342,
      0.00535999983549118,
      0.002139999996870756,
      0.07428999990224838,
      -0.0,
      -1.0
    ],
    [
      0.31606999039649963,
      -0.02143000066280365,
      -0.0,
      0.0014299999456852674,
      0.06928999722003937,
      -0.0,
      -1.0
    ],
    [
      0.31338998675346375,
      -0.02411000058054924,
      -0.0,
      0.004290000069886446,
      0.07142999768257141,
      -0.0,
      -1.0
    ]
  ],
  "rollout_action_window_around_first_positive": [
    [
      0.047269999980926514,
      0.21629999577999115,
      -0.27312999963760376,
      -0.020589999854564667,
      -0.06298000365495682,
      0.017410000786185265,
      -1.0
    ],
    [
      0.07757999747991562,
      0.22324000298976898,
      -0.26517000794410706,
      -0.019169999286532402,
      -0.05657999962568283,
      0.015049999579787254,
      -1.0
    ],
    [
      0.11561000347137451,
      0.23003999888896942,
      -0.2508400082588196,
      -0.019200000911951065,
      -0.05270000174641609,
      0.012419999577105045,
      -1.0
    ],
    [
      0.16169999539852142,
      0.23795999586582184,
      -0.2250099927186966,
      -0.021689999848604202,
      -0.052069999277591705,
      0.01116000022739172,
      -1.0
    ],
    [
      0.17475999891757965,
      0.22838999330997467,
      -0.1955299973487854,
      -0.026340000331401825,
      -0.05254000052809715,
      0.012969999574124813,
      -1.0
    ],
    [
      0.07687000185251236,
      0.18987999856472015,
      -0.10823000222444534,
      -0.0215000007301569,
      -0.037709999829530716,
      -0.0002500000118743628,
      1.0
    ],
    [
      0.0301900003105402,
      0.1176299974322319,
      -0.04966000095009804,
      -0.010759999975562096,
      -0.02345000021159649,
      -0.020190000534057617,
      1.0
    ],
    [
      0.02582000009715557,
      0.08653999865055084,
      -0.01947999931871891,
      -0.0059899999760091305,
      -0.01955999992787838,
      -0.03037000074982643,
      1.0
    ],
    [
      0.027079999446868896,
      0.05984000116586685,
      0.011409999802708626,
      -0.0036200000904500484,
      -0.0193099994212389,
      -0.039420001208782196,
      1.0
    ],
    [
      0.025750000029802322,
      0.03232000023126602,
      0.048670001327991486,
      -0.0017399999778717756,
      -0.020490000024437904,
      -0.048340000212192535,
      1.0
    ],
    [
      0.025119999423623085,
      -0.0016499999910593033,
      0.10040000081062317,
      0.00022000000171829015,
      -0.02087000012397766,
      -0.05651000142097473,
      1.0
    ]
  ],
  "expert_action_window_around_first_positive": [
    [
      -0.1848199963569641,
      0.0,
      -0.35624998807907104,
      0.011429999954998493,
      0.025709999725222588,
      -0.005710000172257423,
      -1.0
    ],
    [
      -0.20624999701976776,
      0.0,
      -0.35624998807907104,
      0.010710000060498714,
      0.022859999909996986,
      -0.004999999888241291,
      -1.0
    ],
    [
      -0.2276799976825714,
      0.0,
      -0.3214299976825714,
      0.0035699999425560236,
      0.01785999909043312,
      -0.0,
      -1.0
    ],
    [
      -0.19286000728607178,
      0.0428600013256073,
      -0.2410700023174286,
      0.0,
      0.014290000312030315,
      -0.0,
      -1.0
    ],
    [
      -0.17143000662326813,
      0.11518000066280365,
      -0.16071000695228577,
      0.0,
      0.009999999776482582,
      -0.0,
      -1.0
    ],
    [
      -0.17143000662326813,
      0.11518000066280365,
      -0.16071000695228577,
      0.0,
      0.009999999776482582,
      -0.0,
      1.0
    ],
    [
      -0.11785999685525894,
      0.12589000165462494,
      -0.09106999635696411,
      0.0,
      0.018570000305771828,
      0.004999999888241291,
      1.0
    ],
    [
      -0.09643000364303589,
      0.10446000099182129,
      -0.06160999834537506,
      0.0,
      0.026429999619722366,
      0.009290000423789024,
      1.0
    ],
    [
      -0.10713999718427658,
      0.09643000364303589,
      -0.05356999859213829,
      0.0,
      0.027140000835061073,
      0.009290000423789024,
      1.0
    ],
    [
      -0.11785999685525894,
      0.08839000016450882,
      -0.05356999859213829,
      0.0,
      0.02500000037252903,
      0.006430000066757202,
      1.0
    ],
    [
      -0.11785999685525894,
      0.07767999917268753,
      -0.05356999859213829,
      0.0,
      0.02500000037252903,
      0.004290000069886446,
      1.0
    ]
  ],
  "rollout_eef_pos_at_first_close": [
    -0.3124150037765503,
    0.004484000150114298,
    1.151566982269287
  ],
  "expert_eef_pos_at_first_close": [
    -0.29350200295448303,
    -0.010230000130832195,
    1.1696879863739014
  ],
  "eef_pos_error_at_first_close": 0.030043140053749084,
  "closest_rollout_step_to_expert_close_pos": 2,
  "closest_rollout_dist_to_expert_close_pos": 0.024966903030872345,
  "closest_rollout_eef_pos": [
    -0.30766600370407104,
    0.005578999873250723,
    1.1565439701080322
  ],
  "rollout_close_minus_expert_close_steps": 0,
  "prefix_position_mse": 0.148563414812088,
  "prefix_rotation_mse": 0.004289768170565367,
  "prefix_gripper_sign_accuracy": 0.9055555555555556,
  "rollout_eef_pos_at_first_positive_gripper": [
    -0.22294199466705322,
    0.20301899313926697,
    0.9907559752464294
  ],