{
  "trace_path": "results/rollout_trace_act_chunked_h20_task5_overfit_train3.csv",
  "h5_path": "data/libero_long/libero_10/STUDY_SCENE1_pick_up_the_book_and_place_it_in_the_back_compartment_of_the_caddy_demo.hdf5",
  "task_id": 5,
  "task_name": "STUDY_SCENE1_pick_up_the_book_and_place_it_in_the_back_compartment_of_the_caddy",
  "episode_idx": 0,
  "rollout_steps": 147,
  "expert_steps": 234,
  "rollout_success": true,
  "rollout_first_close_step": 0,
  "expert_first_close_step": 0,
  "rollout_first_positive_gripper_step": 73,
  "expert_first_positive_gripper_step": 57,
  "rollout_gripper_close_fraction": 0.4965986394557823,
  "expert_gripper_close_fraction": 0.24358974358974358,
  "rollout_gripper_transitions": [
    73
  ],
  "expert_gripper_transitions": [
    57
  ],
  "rollout_action_window_around_first_close": [
    [
      0.05550000071525574,
      0.13877999782562256,
      0.021800000220537186,
      -0.0024900001008063555,
      0.009279999881982803,
      -0.01713000051677227,
      -1.0
    ],
    [
      0.07596000283956528,
      0.1594800055027008,
      0.02222999930381775,
      -0.002739999908953905,
      0.0086899995803833,
      -0.020239999517798424,
      -1.0
    ],
    [
      0.10932999849319458,
      0.1901399940252304,
      0.02087000012397766,
      -0.0027799999807029963,
      0.008139999583363533,
      -0.02297000028192997,
      -1.0
    ],
    [
      0.13991999626159668,
      0.22481000423431396,
      0.023339999839663506,
      -0.0029899999499320984,
      0.007019999902695417,
      -0.028370000422000885,
      -1.0
    ],
    [
      0.1687999963760376,
      0.2690199911594391,
      0.02215000055730343,
      -0.003100000089034438,
      0.004579999949783087,
      -0.034380000084638596,
      -1.0
    ],
    [
      0.18533000349998474,
      0.30212000012397766,
      0.021689999848604202,
      -0.002739999908953905,
      0.002319999970495701,
      -0.041039999574422836,
      -1.0
    ]
  ],
  "expert_action_window_around_first_close": [
    [
      0.0,
      0.0,
      -0.0,
      0.0,
      0.03142999857664108,
      -0.0035699999425560236,
      -1.0
    ],
    [
      0.0,
      0.0,
      -0.0,
      0.0,
      0.033569999039173126,
      -0.002859999891370535,
      -1.0
    ],
    [
      0.0,
      0.0,
      -0.0,
      0.0,
      0.033569999039173126,
      -0.002139999996870756,
      -1.0
    ],
    [
      0.0,
      0.0,
      -0.0,
      0.0,
      0.033569999039173126,
      -0.0014299999456852674,
      -1.0
    ],
    [
      0.0,
      0.0,
      -0.0,
      0.0,
      0.03570999950170517,
      -0.0,
      -1.0
    ],
    [
      0.0,
      0.0,
      -0.0,
      0.0,
      0.03500000014901161,
      -0.0,
      -1.0
    ]
  ],
  "rollout_action_window_around_first_positive": [
    [
      -0.19111000001430511,
      0.003160000080242753,
      -0.45816999673843384,
      -0.0021200000774115324,
      0.0009399999980814755,
      -0.009159999899566174,
      -1.0
    ],
    [
      -0.18477000296115875,
      0.004749999847263098,
      -0.4427100121974945,
      -0.003930000122636557,
      0.0003000000142492354,
      -0.006779999937862158,
      -1.0
    ],
    [
      -0.17475000023841858,
      0.005200000014156103,
      -0.4198000133037567,
      -0.006550000049173832,
      -0.0002099999983329326,
      -0.003220000071451068,
      -1.0
    ],
    [
      -0.14404000341892242,
      0.02184000052511692,
      -0.36987000703811646,
      -0.011869999580085278,
      0.0005099999834783375,
      0.004530000034719706,
      -1.0
    ],
    [
      -0.11642000079154968,
      0.0709099993109703,
      -0.26502999663352966,
      -0.020239999517798424,
      -0.0010300000431016088,
      0.016510000452399254,
      -1.0
    ],
    [
      -0.11184000223875046,
      0.06773000210523605,
      -0.1580899953842163,
      -0.018969999626278877,
      -0.0031500000040978193,
      0.007259999867528677,
      1.0
    ],
    [
      -0.10513000190258026,
      0.049869999289512634,
      -0.12650999426841736,
      -0.017980000004172325,
      -0.002409999957308173,
      -0.0006600000197067857,
      1.0
    ],
    [
      -0.1007699966430664,
      0.02727000042796135,
      -0.09752999991178513,
      -0.01858000084757805,
      -0.0017000000225380063,
      -0.0038999998942017555,
      1.0
    ],
    [
      -0.09828999638557434,
      0.002050000010058284,
      -0.06652999669313431,
      -0.020150000229477882,
      -0.0003800000122282654,
      -0.004530000034719706,
      1.0
    ],
    [
      -0.09126000106334686,
      -0.03181000053882599,
      -0.027620000764727592,
      -0.021800000220537186,
      0.0015899999998509884,
      -0.006289999932050705,
      1.0
    ],
    [
      -0.08183000236749649,
      -0.0674699991941452,
      0.01809000037610531,
      -0.02092999964952469,
      0.003809999907389283,
      -0.012849999591708183,
      1.0
    ]
  ],
  "expert_action_window_around_first_positive": [
    [
      -0.16606999933719635,
      -0.09106999635696411,
      -0.5598199963569641,
      0.0,
      0.0,
      -0.0457100011408329,
      -1.0
    ],
    [
      -0.12320999801158905,
      -0.09910999983549118,
      -0.5196400284767151,
      0.0014299999456852674,
      0.0,
      -0.04500000178813934,
      -1.0
    ],
    [
      -0.10713999718427658,
      -0.09910999983549118,
      -0.5008900165557861,
      0.002859999891370535,
      0.0,
      -0.04500000178813934,
      -1.0
    ],
    [
      -0.09643000364303589,
      -0.09643000364303589,
      -0.4821400046348572,
      0.0035699999425560236,
      0.0,
      -0.0457100011408329,
      -1.0
    ],
    [
      -0.11249999701976776,
      -0.08839000016450882,
      -0.4741100072860718,
      0.004999999888241291,
      0.0,
      -0.047860000282526016,
      -1.0
    ],
    [
      -0.11785999685525894,
      -0.06964000314474106,
      -0.4633899927139282,
      0.0035699999425560236,
      0.0,
      -0.0492900013923645,
      1.0
    ],
    [
      -0.1339299976825714,
      -0.04554000124335289,
      -0.4232099950313568,
      0.0,
      0.0,
      -0.048569999635219574,
      1.0
    ],
    [
      -0.1366100013256073,
      -0.03750000149011612,
      -0.39375001192092896,
      0.0,
      0.0,
      -0.04642999917268753,
      1.0
    ],
    [
      -0.12320999801158905,
      0.0,
      -0.2919600009918213,
      0.0,
      0.009999999776482582,
      -0.041430000215768814,
      1.0
    ],
    [
      -0.08839000016450882,
      0.0,
      -0.1982100009918213,
      0.0,
      0.022140000015497208,
      -0.041430000215768814,
      1.0
    ],
    [
      -0.0428600013256073,
      0.0,
      -0.08570999652147293,
      0.0,
      0.029999999329447746,
      -0.04213999956846237,
      1.0
    ]
  ],
  "rollout_eef_pos_at_first_close": [
    -0.29887598752975464,
    0.017582999542355537,
    1.1730320453643799
  ],
  "expert_eef_pos_at_first_close": [
    -0.2927060127258301,
    0.0014769999543204904,
    1.1658109426498413
  ],
  "eef_pos_error_at_first_close": 0.018697567284107208,
  "closest_rollout_step_to_expert_close_pos": 2,
  "closest_rollout_dist_to_expert_close_pos": 0.017008572816848755,
  "closest_rollout_eef_pos": [
    -0.2976970076560974,
    0.015814999118447304,
    1.1734800338745117
  ],
  "rollout_close_minus_expert_close_steps": 0,
  "prefix_position_mse": 0.07317683100700378,
  "prefix_rotation_mse": 0.0012430590577423573,
  "prefix_gripper_sign_accuracy": 0.891156462585034,
  "rollout_eef_pos_at_first_positive_gripper": [
    -0.25456199049949646,
    0.19742199778556824,
    0.9869620203971863
  ],
  "expert_eef_pos_at_first_positive_gripper": [
    -0.222338005900383,
    0.16674000024795532,
    0.9955099821090698
  ],
  "eef_pos_error_at_first_positive_gripper": 0.045307934284210205,
  "rollout_positive_minus_expert_positive_steps": 16,
  "closest_rollout_step_to_expert_positive_gripper_pos": 63,