{
  "trace_path": "results/rollout_trace_act_chunked_h20_task5_train3.csv",
  "h5_path": "data/libero_long/libero_10/STUDY_SCENE1_pick_up_the_book_and_place_it_in_the_back_compartment_of_the_caddy_demo.hdf5",
  "task_id": 5,
  "task_name": "STUDY_SCENE1_pick_up_the_book_and_place_it_in_the_back_compartment_of_the_caddy",
  "episode_idx": 1,
  "rollout_steps": 300,
  "expert_steps": 187,
  "rollout_success": false,
  "rollout_first_close_step": 0,
  "expert_first_close_step": 0,
  "rollout_first_positive_gripper_step": 66,
  "expert_first_positive_gripper_step": 74,
  "rollout_gripper_close_fraction": 0.22,
  "expert_gripper_close_fraction": 0.39572192513368987,
  "rollout_gripper_transitions": [
    66
  ],
  "expert_gripper_transitions": [
    74
  ],
  "rollout_action_window_around_first_close": [
    [
      0.00394000019878149,
      0.03325999900698662,
      -0.09522999823093414,
      0.012749999761581421,
      -0.0077599999494850636,
      -0.004639999940991402,
      -1.0
    ],
    [
      0.01809000037610531,
      0.05254000052809715,
      -0.10851000249385834,
      0.013989999890327454,
      -0.010169999673962593,
      -0.0065899998880922794,
      -1.0
    ],
    [
      0.038430001586675644,
      0.0686199963092804,
      -0.10734999924898148,
      0.01370999962091446,
      -0.010739999823272228,
      -0.009829999879002571,
      -1.0
    ],
    [
      0.06360000371932983,
      0.08716999739408493,
      -0.09583000093698502,
      0.012849999591708183,
      -0.010639999993145466,
      -0.013050000183284283,
      -1.0
    ],
    [
      0.08589000254869461,
      0.1040399968624115,
      -0.08412999659776688,
      0.012040000408887863,
      -0.010649999603629112,
      -0.015300000086426735,
      -1.0
    ],
    [
      0.10977999866008759,
      0.12263999879360199,
      -0.07069999724626541,
      0.011180000379681587,
      -0.01051000040024519,
      -0.017669999971985817,
      -1.0
    ]
  ],
  "expert_action_window_around_first_close": [
    [
      0.04820999875664711,
      0.12857000529766083,
      -0.0,
      0.0,
      0.0007099999929778278,
      -0.0,
      -1.0
    ],
    [
      0.09106999635696411,
      0.10446000099182129,
      -0.0,
      0.0,
      0.008569999597966671,
      -0.0,
      -1.0
    ],
    [
      0.11785999685525894,
      0.09643000364303589,
      -0.0,
      0.0,
      0.011429999954998493,
      -0.0,
      -1.0
    ],
    [
      0.1366100013256073,
      0.11785999685525894,
      -0.0,
      0.0,
      0.009290000423789024,
      -0.0,
      -1.0
    ],
    [
      0.16875000298023224,
      0.16071000695228577,
      -0.0,
      0.0,
      0.010710000060498714,
      -0.002859999891370535,
      -1.0
    ],
    [
      0.2383899986743927,
      0.21695999801158905,
      -0.0,
      0.0,
      0.022140000015497208,
      -0.005710000172257423,
      -1.0
    ]
  ],
  "rollout_action_window_around_first_positive": [
    [
      -0.09109000116586685,
      0.06134999915957451,
      -0.41381001472473145,
      -0.001769999973475933,
      -0.008860000409185886,
      -0.013530000112950802,
      -1.0
    ],
    [
      -0.08271999657154083,
      0.056379999965429306,
      -0.3970699906349182,
      -0.0021699999924749136,
      -0.007540000136941671,
      -0.008899999782443047,
      -1.0
    ],
    [
      -0.07012999802827835,
      0.05065999925136566,
      -0.3691200017929077,
      -0.0027799999807029963,
      -0.005439999978989363,
      -0.0038300000596791506,
      -1.0
    ],
    [
      -0.056609999388456345,
      0.0443900004029274,
      -0.3306199908256531,
      -0.003539999946951866,
      -0.0022499999031424522,
      0.0020800000056624413,
      -1.0
    ],
    [
      -0.040950000286102295,
      0.03974999859929085,
      -0.28832000494003296,
      -0.004509999882429838,
      0.0009200000204145908,
      0.008100000210106373,
      -1.0
    ],
    [
      -0.019750000908970833,
      0.03652999922633171,
      -0.2411700040102005,
      -0.005189999938011169,
      0.006060000043362379,
      0.0129399998113513,
      1.0
    ],
    [
      -0.0015300000086426735,
      0.029039999470114708,
      -0.1993200033903122,
      -0.004610000178217888,
      0.012319999746978283,
      0.013290000148117542,
      1.0
    ],
    [
      0.010119999758899212,
      0.021779999136924744,
      -0.16530999541282654,
      -0.003700000001117587,
      0.018479999154806137,
      0.01140000019222498,
      1.0
    ],
    [
      0.017260000109672546,
      0.016049999743700027,
      -0.1339000016450882,
      -0.0035099999513477087,
      0.024080000817775726,
      0.008589999750256538,
      1.0
    ],
    [
      0.02199999988079071,
      0.01307000033557415,
      -0.1054999977350235,
      -0.003490000031888485,
      0.02857000008225441,
      0.005160000175237656,
      1.0
    ],
    [
      0.024569999426603317,
      0.01128000020980835,
      -0.08073999732732773,
      -0.0036200000904500484,
      0.03203999996185303,
      0.0014100000262260437,
      1.0
    ]
  ],
  "expert_action_window_around_first_positive": [
    [
      -0.19553999602794647,
      0.00267999991774559,
      -0.5008900165557861,
      -0.006430000066757202,
      -0.04428999871015549,
      -0.0,
      -1.0
    ],
    [
      -0.08839000016450882,
      0.09106999635696411,
      -0.4580399990081787,
      -0.014290000312030315,
      -0.030710000544786453,
      -0.0,
      -1.0
    ],
    [
      -0.05624999850988388,
      0.12320999801158905,
      -0.44732001423835754,
      -0.018570000305771828,
      -0.027860000729560852,
      -0.0,
      -1.0
    ],
    [
      0.0,
      0.16606999933719635,
      -0.39107000827789307,
      -0.02143000066280365,
      -0.016429999843239784,
      -0.0,
      -1.0
    ],
    [
      0.0,
      0.19553999602794647,
      -0.2919600009918213,
      -0.024289999157190323,
      0.0,
      -0.0,
      -1.0
    ],
    [
      0.0,
      0.20356999337673187,
      -0.21964000165462494,
      -0.019999999552965164,
      0.0,
      -0.0,
      1.0
    ],
    [
      0.02143000066280365,
      0.19286000728607178,
      -0.1767899990081787,
      -0.016429999843239784,
      0.0,
      -0.0,
      1.0
    ],
    [
      0.04018000140786171,
      0.1446399986743927,
      -0.09643000364303589,
      -0.011429999954998493,
      0.008569999597966671,
      -0.014999999664723873,
      1.0
    ],
    [
      0.02411000058054924,
      0.09375,
      -0.05356999859213829,
      -0.007860000245273113,
      0.015709999948740005,
      -0.027860000729560852,
      1.0
    ],
    [
      0.010710000060498714,
      0.02679000049829483,
      -0.013389999978244305,
      -0.002859999891370535,
      0.02500000037252903,
      -0.037140000611543655,
      1.0
    ],
    [
      0.00267999991774559,
      0.0,
      -0.0,
      -0.0007099999929778278,
      0.03214000165462494,
      -0.0428600013256073,
      1.0
    ]
  ],
  "rollout_eef_pos_at_first_close": [
    -0.30190199613571167,
    0.0035540000535547733,
    1.1833219528198242
  ],
  "expert_eef_pos_at_first_close": [
    -0.308445006608963,
    0.003481999970972538,
    1.163383960723877
  ],
  "eef_pos_error_at_first_close": 0.020983858034014702,
  "closest_rollout_step_to_expert_close_pos": 5,
  "closest_rollout_dist_to_expert_close_pos": 0.015523571521043777,
  "closest_rollout_eef_pos": [
    -0.29885900020599365,
    0.006144000217318535,
    1.1753000020980835
  ],
  "rollout_close_minus_expert_close_steps": 0,
  "prefix_position_mse": 0.035463713109493256,
  "prefix_rotation_mse": 0.002120921853929758,
  "prefix_gripper_sign_accuracy": 0.9572192513368984,
  "rollout_eef_pos_at_first_positive_gripper": [
    -0.20615099370479584,
    0.18290400505065918,
    1.0234839916229248
  ],
  "expert_eef_pos_at_first_positive_gripper": [
    -0.2188750058412552,
    0.17664499580860138,
    0.9897639751434326
  ],
  "eef_pos_error_at_first_positive_gripper": 0.03657952696084976,