{
  "trace_path": "results/rollout_trace_act_chunked_h20_task5_placement_weighted55_train3.csv",
  "h5_path": "data/libero_long/libero_10/STUDY_SCENE1_pick_up_the_book_and_place_it_in_the_back_compartment_of_the_caddy_demo.hdf5",
  "task_id": 5,
  "task_name": "STUDY_SCENE1_pick_up_the_book_and_place_it_in_the_back_compartment_of_the_caddy",
  "episode_idx": 0,
  "rollout_steps": 156,
  "expert_steps": 234,
  "rollout_success": true,
  "rollout_first_close_step": 0,
  "expert_first_close_step": 0,
  "rollout_first_positive_gripper_step": 71,
  "expert_first_positive_gripper_step": 57,
  "rollout_gripper_close_fraction": 0.4551282051282051,
  "expert_gripper_close_fraction": 0.24358974358974358,
  "rollout_gripper_transitions": [
    71
  ],
  "expert_gripper_transitions": [
    57
  ],
  "rollout_action_window_around_first_close": [
    [
      0.091279998421669,
      0.17709000408649445,
      -0.01576000079512596,
      -0.007180000189691782,
      0.005419999826699495,
      -0.00853000022470951,
      -1.0
    ],
    [
      0.10151000320911407,
      0.18940000236034393,
      -0.017559999600052834,
      -0.0065100002102553844,
      0.004800000227987766,
      -0.010160000063478947,
      -1.0
    ],
    [
      0.1173200011253357,
      0.19766999781131744,
      -0.017580000683665276,
      -0.006010000128298998,
      0.003599999938160181,
      -0.010730000212788582,
      -1.0
    ],
    [
      0.14119000732898712,
      0.22148999571800232,
      -0.015969999134540558,
      -0.006089999806135893,
      0.0010300000431016088,
      -0.012120000086724758,
      -1.0
    ],
    [
      0.16976000368595123,
      0.2512499988079071,
      -0.014089999720454216,
      -0.0061900001019239426,
      -0.0031500000040978193,
      -0.015540000051259995,
      -1.0
    ],
    [
      0.19147999584674835,
      0.2771399915218353,
      -0.012969999574124813,
      -0.006180000025779009,
      -0.005869999993592501,
      -0.019589999690651894,
      -1.0
    ]
  ],
  "expert_action_window_around_first_close": [
    [
      0.0,
      0.0,
      -0.0,
      0.0,
      0.03142999857664108,
      -0.0035699999425560236,
      -1.0
    ],
    [
      0.0,
      0.0,
      -0.0,
      0.0,
      0.033569999039173126,
      -0.002859999891370535,
      -1.0
    ],
    [
      0.0,
      0.0,
      -0.0,
      0.0,
      0.033569999039173126,
      -0.002139999996870756,
      -1.0
    ],
    [
      0.0,
      0.0,
      -0.0,
      0.0,
      0.033569999039173126,
      -0.0014299999456852674,
      -1.0
    ],
    [
      0.0,
      0.0,
      -0.0,
      0.0,
      0.03570999950170517,
      -0.0,
      -1.0
    ],
    [
      0.0,
      0.0,
      -0.0,
      0.0,
      0.03500000014901161,
      -0.0,
      -1.0
    ]
  ],
  "rollout_action_window_around_first_positive": [
    [
      -0.20788000524044037,
      -0.043060000985860825,
      -0.5351999998092651,
      0.007960000075399876,
      0.0017099999822676182,
      -0.010900000110268593,
      -1.0
    ],
    [
      -0.2108599990606308,
      -0.039739999920129776,
      -0.5245100259780884,
      0.007209999952465296,
      0.0031999999191612005,
      -0.011119999922811985,
      -1.0
    ],
    [
      -0.20306000113487244,
      -0.031780000776052475,
      -0.5035600066184998,
      0.0061900001019239426,
      0.0030400000978261232,
      -0.009270000271499157,
      -1.0
    ],
    [
      -0.18978999555110931,
      -0.02246999926865101,
      -0.47925999760627747,
      0.0052200001664459705,
      0.000859999970998615,
      -0.008440000005066395,
      -1.0
    ],
    [
      -0.16023999452590942,
      -0.008940000087022781,
      -0.4365899860858917,
      0.0024999999441206455,
      -0.0016499999910593033,
      -0.006550000049173832,
      -1.0
    ],
    [
      -0.14504000544548035,
      0.04064999893307686,
      -0.3141300082206726,
      -0.0017300000181421638,
      -0.0043299999088048935,
      0.0015899999998509884,
      1.0
    ],
    [
      -0.09201999753713608,
      0.06565999984741211,
      -0.14357000589370728,
      -0.006829999852925539,
      -0.0017999999690800905,
      -0.005710000172257423,
      1.0
    ],
    [
      -0.08093000203371048,
      0.06938999891281128,
      -0.09757000207901001,
      -0.0074800001457333565,
      -0.001979999942705035,
      -0.00622999994084239,
      1.0
    ],
    [
      -0.07163000106811523,
      0.06592000275850296,
      -0.05682000145316124,
      -0.007930000312626362,
      -0.003329999977722764,
      -0.007360000163316727,
      1.0
    ],
    [
      -0.06322000175714493,
      0.05417000129818916,
      -0.01257999986410141,
      -0.008329999633133411,
      -0.0045900000259280205,
      -0.008539999835193157,
      1.0
    ],
    [
      -0.0514799989759922,
      0.035610001534223557,
      0.04297000169754028,
      -0.00875999964773655,
      -0.005080000031739473,
      -0.011730000376701355,
      1.0
    ]
  ],
  "expert_action_window_around_first_positive": [
    [
      -0.16606999933719635,
      -0.09106999635696411,
      -0.5598199963569641,
      0.0,
      0.0,
      -0.0457100011408329,
      -1.0
    ],
    [
      -0.12320999801158905,
      -0.09910999983549118,
      -0.5196400284767151,
      0.0014299999456852674,
      0.0,
      -0.04500000178813934,
      -1.0
    ],
    [
      -0.10713999718427658,
      -0.09910999983549118,
      -0.5008900165557861,
      0.002859999891370535,
      0.0,
      -0.04500000178813934,
      -1.0
    ],
    [
      -0.09643000364303589,
      -0.09643000364303589,
      -0.4821400046348572,
      0.0035699999425560236,
      0.0,
      -0.0457100011408329,
      -1.0
    ],
    [
      -0.11249999701976776,
      -0.08839000016450882,
      -0.4741100072860718,
      0.004999999888241291,
      0.0,
      -0.047860000282526016,
      -1.0
    ],
    [
      -0.11785999685525894,
      -0.06964000314474106,
      -0.4633899927139282,
      0.0035699999425560236,
      0.0,
      -0.0492900013923645,
      1.0
    ],
    [
      -0.1339299976825714,
      -0.04554000124335289,
      -0.4232099950313568,
      0.0,
      0.0,
      -0.048569999635219574,
      1.0
    ],
    [
      -0.1366100013256073,
      -0.03750000149011612,
      -0.39375001192092896,
      0.0,
      0.0,
      -0.04642999917268753,
      1.0
    ],
    [
      -0.12320999801158905,
      0.0,
      -0.2919600009918213,
      0.0,
      0.009999999776482582,
      -0.041430000215768814,
      1.0
    ],
    [
      -0.08839000016450882,
      0.0,
      -0.1982100009918213,
      0.0,
      0.022140000015497208,
      -0.041430000215768814,
      1.0
    ],
    [
      -0.0428600013256073,
      0.0,
      -0.08570999652147293,
      0.0,
      0.029999999329447746,
      -0.04213999956846237,
      1.0
    ]
  ],
  "rollout_eef_pos_at_first_close": [
    -0.29887598752975464,
    0.017582999542355537,
    1.1730320453643799
  ],
  "expert_eef_pos_at_first_close": [
    -0.2927060127258301,
    0.0014769999543204904,
    1.1658109426498413
  ],
  "eef_pos_error_at_first_close": 0.018697567284107208,
  "closest_rollout_step_to_expert_close_pos": 2,
  "closest_rollout_dist_to_expert_close_pos": 0.01705866865813732,
  "closest_rollout_eef_pos": [
    -0.29715099930763245,
    0.01639699935913086,
    1.1727850437164307
  ],
  "rollout_close_minus_expert_close_steps": 0,
  "prefix_position_mse": 0.06867332011461258,
  "prefix_rotation_mse": 0.0011504841968417168,
  "prefix_gripper_sign_accuracy": 0.9102564102564102,
  "rollout_eef_pos_at_first_positive_gripper": [
    -0.23849700391292572,
    0.18369700014591217,
    0.9846670031547546
  ],
  "expert_eef_pos_at_first_positive_gripper": [
    -0.222338005900383,
    0.16674000024795532,
    0.9955099821090698
  ],
  "eef_pos_error_at_first_positive_gripper": 0.025810815393924713,
  "rollout_positive_minus_expert_positive_steps": 14,
  "closest_rollout_step_to_expert_positive_gripper_pos": 66,